time,Hips,Hips,Spine,Chest,Neck,Head,LeftEye,RightEye,LeftShoulder,LeftUpperArm,LeftLowerArm,LeftHand,RightShoulder,RightUpperArm,RightLowerArm,RightHand,LeftUpperLeg,LeftLowerLeg,LeftFoot,LeftToes,RightUpperLeg,RightLowerLeg,RightFoot,RightToes
0,0.007911 1.062050 -0.007428,357.671 336.356 354.042,3.374 6.080 1.116,0.000 0.000 0.000,7.059 16.676 6.476,0.000 0.000 0.000,0.000 0.000 0.000,0.000 0.000 0.000,0.000 0.000 0.000,20.430 45.686 82.920,358.545 40.346 358.733,0.000 0.000 0.000,0.000 0.000 0.000,20.263 322.022 281.984,358.981 334.687 0.691,0.000 0.000 0.000,346.322 19.905 0.612,36.326 1.805 1.668,0.000 0.000 0.000,0.000 0.000 0.000,350.572 17.775 7.281,39.199 357.933 358.051,0.000 0.000 0.000,0.000 0.000 0.000
0.033839,0.007911 1.062050 -0.007428,357.671 336.356 354.042,3.374 6.080 1.116,0.000 0.000 0.000,7.059 16.676 6.476,0.000 0.000 0.000,0.000 0.000 0.000,0.000 0.000 0.000,0.000 0.000 0.000,20.430 45.686 82.920,358.545 40.346 358.733,0.000 0.000 0.000,0.000 0.000 0.000,20.263 322.022 281.984,358.981 334.687 0.691,0.000 0.000 0.000,346.322 19.905 0.612,36.326 1.805 1.668,0.000 0.000 0.000,0.000 0.000 0.000,350.572 17.775 7.281,39.199 357.933 358.051,0.000 0.000 0.000,0.000 0.000 0.000
0.066785,0.019055 1.062050 -0.007428,357.444 334.647 353.693,3.369 6.294 1.155,0.000 0.000 0.000,7.508 17.177 6.171,0.000 0.000 0.000,0.000 0.000 0.000,0.000 0.000 0.000,0.000 0.000 0.000,19.281 45.054 83.025,358.565 39.528 358.767,0.000 0.000 0.000,0.000 0.000 0.000,20.457 325.865 282.488,358.991 334.977 0.681,0.000 0.000 0.000,343.706 20.924 1.045,37.816 1.924 1.782,0.000 0.000 0.000,0.000 0.000 0.000,347.850 19.295 7.950,41.760 357.699 357.822,0.000 0.000 0.000,0.000 0.000 0.000
0.099958,0.024584 1.062050 -0.007428,357.327 333.809 353.524,3.367 6.387 1.173,0.000 0.000 0.000,7.728 17.423 6.012,0.000 0.000 0.000,0.000 0.000 0.000,0.000 0.000 0.000,0.000 0.000 0.000,18.712 44.684 83.093,358.574 39.140 358.784,0.000 0.000 0.000,0.000 0.000 0.000,20.545 327.803 282.758,358.995 335.106 0.676,0.000 0.000 0.000,342.374 21.408 1.275,38.588 1.988 1.844,0.000 0.000 0.000,0.000 0.000 0.000,346.454 20.010 8.289,43.074 357.569 357.695,0.000 0.000 0.000,0.000 0.000 0.000
0.133624,0.021755 1.062050 -0.007428,357.060 333.237 353.367,3.367 6.392 1.173,0.000 0.000 0.000,8.333 15.172 5.415,0.000 0.000 0.000,0.000 0.000 0.000,0.000 0.000 0.000,0.000 0.000 0.000,18.699 44.403 83.287,358.576 39.084 358.786,0.000 0.000 0.000,0.000 0.000 0.000,20.588 328.767 282.828,359.004 335.355 0.667,0.000 0.000 0.000,342.023 22.612 2.098,38.858 2.011 1.866,0.000 0.000 0.000,0.000 0.000 0.000,346.539 20.277 8.152,43.176 357.559 357.685,0.000 0.000 0.000,0.000 0.000 0.000
0.166751,0.019003 1.062050 -0.007428,356.799 332.691 353.220,3.367 6.389 1.173,0.000 0.000 0.000,8.900 12.968 4.789,0.000 0.000 0.000,0.000 0.000 0.000,0.000 0.000 0.000,0.000 0.000 0.000,18.695 44.114 83.469,358.577 39.039 358.788,0.000 0.000 0.000,0.000 0.000 0.000,20.629 329.712 282.900,359.012 335.597 0.659,0.000 0.000 0.000,341.662 23.756 2.896,39.127 2.034 1.888,0.000 0.000 0.000,0.000 0.000 0.000,346.621 20.526 8.012,43.276 357.549 357.675,0.000 0.000 0.000,0.000 0.000 0.000
0.199959,0.016248 1.062050 -0.007428,356.537 332.155 353.079,3.367 6.379 1.171,0.000 0.000 0.000,9.440 10.768 4.122,0.000 0.000 0.000,0.000 0.000 0.000,0.000 0.000 0.000,0.000 0.000 0.000,18.701 43.812 83.646,358.578 39.003 358.790,0.000 0.000 0.000,0.000 0.000 0.000,20.666 330.661 282.975,359.020 335.839 0.650,0.000 0.000 0.000,341.284 24.873 3.688,39.401 2.058 1.911,0.000 0.000 0.000,0.000 0.000 0.000,346.700 20.764 7.865,43.378 357.538 357.665,0.000 0.000 0.000,0.000 0.000 0.000
0.233587,0.016248 1.062050 -0.007428,356.597 332.812 353.433,3.381 5.697 1.046,0.000 0.000 0.000,8.959 10.315 3.352,0.000 0.000 0.000,0.000 0.000 0.000,0.000 0.000 0.000,0.000 0.000 0.000,18.920 42.520 83.250,358.597 38.218 358.823,0.000 0.000 0.000,0.000 0.000 0.000,20.768 332.079 282.832,359.048 336.653 0.622,0.000 0.000 0.000,341.961 25.426 3.915,38.489 1.980 1.836,0.000 0.000 0.000,0.000 0.000 0.000,347.033 21.107 7.436,43.158 357.561 357.687,0.000 0.000 0.000,0.000 0.000 0.000
0.266644,0.016248 1.062050 -0.007428,356.647 333.447 353.777,3.392 5.038 0.926,0.000 0.000 0.000,8.479 9.889 2.611,0.000 0.000 0.000,0.000 0.000 0.000,0.000 0.000 0.000,0.000 0.000 0.000,19.123 41.225 82.842,358.616 37.475 358.854,0.000 0.000 0.000,0.000 0.000 0.000,20.869 333.539 282.733,359.075 337.422 0.595,0.000 0.000 0.000,342.602 26.020 4.151,37.617 1.908 1.767,0.000 0.000 0.000,0.000 0.000 0.000,347.363 21.452 7.027,42.956 357.581 357.707,0.000 0.000 0.000,0.000 0.000 0.000
0.299934,0.016248 1.062050 -0.007428,356.691 334.090 354.127,3.402 4.373 0.804,0.000 0.000 0.000,7.976 9.471 1.864,0.000 0.000 0.000,0.000 0.000 0.000,0.000 0.000 0.000,0.000 0.000 0.000,19.317 39.867 82.404,358.635 36.740 358.884,0.000 0.000 0.000,0.000 0.000 0.000,20.974 335.109 282.676,359.102 338.178 0.570,0.000 0.000 0.000,343.235 26.682 4.407,36.746 1.838 1.700,0.000 0.000 0.000,0.000 0.000 0.000,347.703 21.812 6.620,42.762 357.600 357.726,0.000 0.000 0.000,0.000 0.000 0.000
0.333269,0.013479 1.062050 -0.007428,356.992 334.809 354.205,3.398 4.645 0.853,0.000 0.000 0.000,7.670 8.955 1.723,0.000 0.000 0.000,0.000 0.000 0.000,0.000 0.000 0.000,0.000 0.000 0.000,18.626 39.956 82.144,358.640 36.535 358.893,0.000 0.000 0.000,0.000 0.000 0.000,20.508 335.083 283.006,359.089 337.802 0.583,0.000 0.000 0.000,343.536 25.807 4.309,36.566 1.824 1.686,0.000 0.000 0.000,0.000 0.000 0.000,347.826 21.250 6.613,42.747 357.602 357.728,0.000 0.000 0.000,0.000 0.000 0.000
0.366798,0.010656 1.062050 -0.007428,357.296 335.545 354.292,3.394 4.912 0.902,0.000 0.000 0.000,7.362 8.428 1.573,0.000 0.000 0.000,0.000 0.000 0.000,0.000 0.000 0.000,0.000 0.000 0.000,17.947 40.048 81.855,358.645 36.348 358.900,0.000 0.000 0.000,0.000 0.000 0.000,20.033 335.028 283.318,359.075 337.415 0.596,0.000 0.000 0.000,343.833 24.909 4.206,36.387 1.810 1.673,0.000 0.000 0.000,0.000 0.000 0.000,347.948 20.672 6.603,42.731 357.604 357.729,0.000 0.000 0.000,0.000 0.000 0.000
0.399995,0.007911 1.062050 -0.007428,357.595 336.274 354.385,3.390 5.164 0.949,0.000 0.000 0.000,7.063 7.908 1.420,0.000 0.000 0.000,0.000 0.000 0.000,0.000 0.000 0.000,0.000 0.000 0.000,17.305 40.139 81.547,358.649 36.186 358.907,0.000 0.000 0.000,0.000 0.000 0.000,19.566 334.947 283.603,359.061 337.030 0.609,0.000 0.000 0.000,344.116 24.021 4.100,36.216 1.797 1.660,0.000 0.000 0.000,0.000 0.000 0.000,348.066 20.097 6.592,42.716 357.605 357.731,0.000 0.000 0.000,0.000 0.000 0.000
0.433562,0.002281 1.066620 -0.007428,357.932 336.879 354.691,3.393 5.013 0.921,0.000 0.000 0.000,7.337 9.784 1.977,0.000 0.000 0.000,0.000 0.000 0.000,0.000 0.000 0.000,0.000 0.000 0.000,17.885 41.757 81.495,358.632 36.831 358.880,0.000 0.000 0.000,0.000 0.000 0.000,19.014 334.956 283.674,359.066 337.152 0.605,0.000 0.000 0.000,344.687 23.593 3.997,35.924 1.774 1.638,0.000 0.000 0.000,0.000 0.000 0.000,348.422 20.174 6.905,42.326 357.644 357.768,0.000 0.000 0.000,0.000 0.000 0.000
0.46663,-0.003187 1.071057 -0.007428,358.259 337.489 355.000,3.395 4.842 0.889,0.000 0.000 0.000,7.573 11.752 2.578,0.000 0.000 0.000,0.000 0.000 0.000,0.000 0.000 0.000,0.000 0.000 0.000,18.471 43.279 81.458,358.615 37.511 358.852,0.000 0.000 0.000,0.000 0.000 0.000,18.473 334.979 283.737,359.070 337.268 0.601,0.000 0.000 0.000,345.241 23.147 3.893,35.643 1.753 1.618,0.000 0.000 0.000,0.000 0.000 0.000,348.761 20.240 7.210,41.951 357.680 357.804,0.000 0.000 0.000,0.000 0.000 0.000
0.499976,-0.008762 1.075582 -0.007428,358.586 338.128 355.323,3.398 4.645 0.853,0.000 0.000 0.000,7.774 13.883 3.243,0.000 0.000 0.000,0.000 0.000 0.000,0.000 0.000 0.000,0.000 0.000 0.000,19.080 44.759 81.435,358.596 38.248 358.821,0.000 0.000 0.000,0.000 0.000 0.000,17.923 335.015 283.794,359.074 337.382 0.597,0.000 0.000 0.000,345.800 22.669 3.783,35.363 1.732 1.597,0.000 0.000 0.000,0.000 0.000 0.000,349.096 20.299 7.517,41.577 357.716 357.839,0.000 0.000 0.000,0.000 0.000 0.000
0.533421,-0.011582 1.075582 -0.007428,358.625 337.818 355.269,3.393 4.983 0.916,0.000 0.000 0.000,7.719 13.586 3.624,0.000 0.000 0.000,0.000 0.000 0.000,0.000 0.000 0.000,0.000 0.000 0.000,18.939 44.312 81.523,358.602 38.017 358.831,0.000 0.000 0.000,0.000 0.000 0.000,17.637 335.026 283.661,359.069 337.244 0.602,0.000 0.000 0.000,345.547 22.304 4.143,35.271 1.725 1.591,0.000 0.000 0.000,0.000 0.000 0.000,348.903 19.692 7.705,41.016 357.769 357.891,0.000 0.000 0.000,0.000 0.000 0.000
0.566797,-0.014355 1.075582 -0.007428,358.663 337.513 355.215,3.387 5.315 0.976,0.000 0.000 0.000,7.666 13.311 4.005,0.000 0.000 0.000,0.000 0.000 0.000,0.000 0.000 0.000,0.000 0.000 0.000,18.801 43.864 81.613,358.608 37.791 358.840,0.000 0.000 0.000,0.000 0.000 0.000,17.356 335.033 283.529,359.064 337.104 0.606,0.000 0.000 0.000,345.299 21.944 4.505,35.187 1.718 1.585,0.000 0.000 0.000,0.000 0.000 0.000,348.717 19.077 7.899,40.471 357.820 357.940,0.000 0.000 0.000,0.000 0.000 0.000
0.599987,-0.017098 1.075582 -0.007428,358.701 337.213 355.162,3.382 5.643 1.036,0.000 0.000 0.000,7.615 13.057 4.386,0.000 0.000 0.000,0.000 0.000 0.000,0.000 0.000 0.000,0.000 0.000 0.000,18.663 43.410 81.703,358.613 37.571 358.850,0.000 0.000 0.000,0.000 0.000 0.000,17.078 335.035 283.396,359.059 336.962 0.611,0.000 0.000 0.000,345.056 21.589 4.871,35.108 1.713 1.579,0.000 0.000 0.000,0.000 0.000 0.000,348.537 18.450 8.102,39.942 357.868 357.987,0.000 0.000 0.000,0.000 0.000 0.000
0.633486,-0.022730 1.071011 -0.007428,358.704 337.868 355.533,3.387 5.347 0.982,0.000 0.000 0.000,7.023 15.425 5.640,0.000 0.000 0.000,0.000 0.000 0.000,0.000 0.000 0.000,0.000 0.000 0.000,19.263 42.575 82.010,358.627 37.041 358.872,0.000 0.000 0.000,0.000 0.000 0.000,16.970 335.379 283.364,359.092 337.902 0.579,0.000 0.000 0.000,345.659 21.663 5.099,34.434 1.663 1.531,0.000 0.000 0.000,0.000 0.000 0.000,349.128 18.345 8.106,39.066 357.945 358.062,0.000 0.000 0.000,0.000 0.000 0.000
0.666782,-0.028271 1.066513 -0.007428,358.697 338.509 355.899,3.392 5.062 0.930,0.000 0.000 0.000,6.363 17.630 6.805,0.000 0.000 0.000,0.000 0.000 0.000,0.000 0.000 0.000,0.000 0.000 0.000,19.862 41.709 82.300,358.640 36.540 358.892,0.000 0.000 0.000,0.000 0.000 0.000,16.859 335.760 283.344,359.125 338.819 0.548,0.000 0.000 0.000,346.247 21.767 5.337,33.768 1.615 1.485,0.000 0.000 0.000,0.000 0.000 0.000,349.706 18.262 8.114,38.206 358.019 358.134,0.000 0.000 0.000,0.000 0.000 0.000
0.699968,-0.033771 1.062050 -0.007428,358.684 339.139 356.260,3.396 4.786 0.879,0.000 0.000 0.000,5.645 19.676 7.886,0.000 0.000 0.000,0.000 0.000 0.000,0.000 0.000 0.000,0.000 0.000 0.000,20.463 40.807 82.574,358.653 36.064 358.912,0.000 0.000 0.000,0.000 0.000 0.000,16.746 336.180 283.335,359.157 339.714 0.519,0.000 0.000 0.000,346.822 21.903 5.584,33.108 1.568 1.441,0.000 0.000 0.000,0.000 0.000 0.000,350.272 18.200 8.127,37.359 358.089 358.202,0.000 0.000 0.000,0.000 0.000 0.000
0.73342,-0.039382 1.057496 -0.007428,358.657 339.035 356.513,3.395 4.834 0.888,0.000 0.000 0.000,5.248 19.700 7.537,0.000 0.000 0.000,0.000 0.000 0.000,0.000 0.000 0.000,0.000 0.000 0.000,20.587 40.521 82.911,358.659 35.836 358.921,0.000 0.000 0.000,0.000 0.000 0.000,16.716 338.220 283.432,359.170 340.045 0.508,0.000 0.000 0.000,346.527 21.498 5.993,33.785 1.616 1.486,0.000 0.000 0.000,0.000 0.000 0.000,349.512 18.598 8.632,38.790 357.969 358.085,0.000 0.000 0.000,0.000 0.000 0.000
0.7666939,-0.044894 1.053022 -0.007428,358.630 338.933 356.762,3.394 4.881 0.897,0.000 0.000 0.000,4.850 19.728 7.191,0.000 0.000 0.000,0.000 0.000 0.000,0.000 0.000 0.000,0.000 0.000 0.000,20.712 40.232 83.238,358.665 35.611 358.930,0.000 0.000 0.000,0.000 0.000 0.000,16.690 340.292 283.553,359.180 340.339 0.499,0.000 0.000 0.000,346.235 21.113 6.405,34.455 1.664 1.533,0.000 0.000 0.000,0.000 0.000 0.000,348.760 18.944 9.136,40.204 357.844 357.964,0.000 0.000 0.000,0.000 0.000 0.000
0.799897,-0.050444 1.048518 -0.007428,358.604 338.832 357.011,3.394 4.927 0.905,0.000 0.000 0.000,4.445 19.759 6.843,0.000 0.000 0.000,0.000 0.000 0.000,0.000 0.000 0.000,0.000 0.000 0.000,20.840 39.936 83.562,358.671 35.386 358.939,0.000 0.000 0.000,0.000 0.000 0.000,16.669 342.425 283.702,359.190 340.600 0.490,0.000 0.000 0.000,345.939 20.739 6.827,35.127 1.714 1.580,0.000 0.000 0.000,0.000 0.000 0.000,348.004 19.245 9.647,41.624 357.712 357.835,0.000 0.000 0.000,0.000 0.000 0.000
0.8333809,-0.050444 1.043948 -0.007428,358.667 339.651 357.323,3.396 4.818 0.885,0.000 0.000 0.000,4.602 18.560 6.935,0.000 0.000 0.000,0.000 0.000 0.000,0.000 0.000 0.000,0.000 0.000 0.000,21.147 40.788 83.484,358.673 35.295 358.943,0.000 0.000 0.000,0.000 0.000 0.000,17.162 341.633 283.545,359.179 340.304 0.500,0.000 0.000 0.000,345.970 19.430 6.709,35.693 1.757 1.621,0.000 0.000 0.000,0.000 0.000 0.000,347.752 19.101 9.770,41.981 357.677 357.801,0.000 0.000 0.000,0.000 0.000 0.000
0.8667939,-0.050444 1.039438 -0.007428,358.722 340.470 357.632,3.397 4.718 0.867,0.000 0.000 0.000,4.760 17.349 7.019,0.000 0.000 0.000,0.000 0.000 0.000,0.000 0.000 0.000,0.000 0.000 0.000,21.468 41.621 83.423,358.675 35.234 358.946,0.000 0.000 0.000,0.000 0.000 0.000,17.645 340.836 283.388,359.169 340.019 0.509,0.000 0.000 0.000,345.991 18.138 6.591,36.259 1.800 1.663,0.000 0.000 0.000,0.000 0.000 0.000,347.495 18.944 9.895,42.343 357.642 357.767,0.000 0.000 0.000,0.000 0.000 0.000
0.8999009,-0.050444 1.034987 -0.007428,358.770 341.285 357.938,3.398 4.627 0.850,0.000 0.000 0.000,4.916 16.130 7.093,0.000 0.000 0.000,0.000 0.000 0.000,0.000 0.000 0.000,0.000 0.000 0.000,21.803 42.431 83.379,358.676 35.201 358.947,0.000 0.000 0.000,0.000 0.000 0.000,18.118 340.037 283.233,359.159 339.744 0.518,0.000 0.000 0.000,346.004 16.866 6.473,36.821 1.844 1.705,0.000 0.000 0.000,0.000 0.000 0.000,347.234 18.776 10.020,42.710 357.606 357.731,0.000 0.000 0.000,0.000 0.000 0.000
0.9334199,-0.056088 1.034987 -0.007428,358.935 341.102 358.270,3.398 4.635 0.852,0.000 0.000 0.000,5.281 16.510 6.587,0.000 0.000 0.000,0.000 0.000 0.000,0.000 0.000 0.000,0.000 0.000 0.000,21.804 43.463 83.432,358.669 35.444 358.937,0.000 0.000 0.000,0.000 0.000 0.000,17.867 343.010 284.607,359.135 339.098 0.539,0.000 0.000 0.000,345.277 17.515 6.612,37.501 1.899 1.758,0.000 0.000 0.000,0.000 0.000 0.000,346.748 19.587 10.157,42.727 357.604 357.730,0.000 0.000 0.000,0.000 0.000 0.000
0.9665639,-0.061544 1.034987 -0.007428,359.099 340.925 358.594,3.398 4.643 0.853,0.000 0.000 0.000,5.642 16.877 6.096,0.000 0.000 0.000,0.000 0.000 0.000,0.000 0.000 0.000,0.000 0.000 0.000,21.808 44.468 83.482,358.663 35.690 358.927,0.000 0.000 0.000,0.000 0.000 0.000,17.526 345.969 285.976,359.111 338.426 0.562,0.000 0.000 0.000,344.562 18.138 6.747,38.173 1.954 1.811,0.000 0.000 0.000,0.000 0.000 0.000,346.259 20.398 10.293,42.756 357.601 357.727,0.000 0.000 0.000,0.000 0.000 0.000
0.9998859,-0.067117 1.034987 -0.007428,359.266 340.746 358.921,3.398 4.652 0.855,0.000 0.000 0.000,6.010 17.247 5.602,0.000 0.000 0.000,0.000 0.000 0.000,0.000 0.000 0.000,0.000 0.000 0.000,21.816 45.483 83.531,358.656 35.948 358.917,0.000 0.000 0.000,0.000 0.000 0.000,17.079 349.007 287.378,359.085 337.700 0.586,0.000 0.000 0.000,343.834 18.755 6.882,38.860 2.011 1.866,0.000 0.000 0.000,0.000 0.000 0.000,345.751 21.236 10.431,42.800 357.597 357.722,0.000 0.000 0.000,0.000 0.000 0.000
1.033461,-0.067117 1.034987 -0.007428,359.223 340.780 359.206,3.391 5.135 0.943,0.000 0.000 0.000,6.181 16.485 5.449,0.000 0.000 0.000,0.000 0.000 0.000,0.000 0.000 0.000,0.000 0.000 0.000,22.050 44.670 83.377,358.658 35.879 358.919,0.000 0.000 0.000,0.000 0.000 0.000,15.792 353.723 290.004,359.037 336.328 0.633,0.000 0.000 0.000,343.871 18.325 6.928,39.172 2.038 1.892,0.000 0.000 0.000,0.000 0.000 0.000,345.787 21.055 10.705,42.876 357.589 357.715,0.000 0.000 0.000,0.000 0.000 0.000
1.066602,-0.067117 1.034987 -0.007428,359.181 340.812 359.483,3.382 5.600 1.029,0.000 0.000 0.000,6.345 15.744 5.298,0.000 0.000 0.000,0.000 0.000 0.000,0.000 0.000 0.000,0.000 0.000 0.000,22.275 43.880 83.227,358.659 35.814 358.922,0.000 0.000 0.000,0.000 0.000 0.000,14.085 358.564 292.540,358.982 334.715 0.690,0.000 0.000 0.000,343.903 17.907 6.977,39.480 2.064 1.918,0.000 0.000 0.000,0.000 0.000 0.000,345.822 20.883 10.975,42.948 357.582 357.708,0.000 0.000 0.000,0.000 0.000 0.000
1.099874,-0.067117 1.034987 -0.007428,359.138 340.845 359.761,3.374 6.066 1.114,0.000 0.000 0.000,6.510 14.994 5.144,0.000 0.000 0.000,0.000 0.000 0.000,0.000 0.000 0.000,0.000 0.000 0.000,22.499 43.083 83.072,358.661 35.748 358.925,0.000 0.000 0.000,0.000 0.000 0.000,11.909 3.567 294.982,358.918 332.755 0.761,0.000 0.000 0.000,343.932 17.484 7.031,39.796 2.092 1.944,0.000 0.000 0.000,0.000 0.000 0.000,345.857 20.714 11.252,43.019 357.575 357.701,0.000 0.000 0.000,0.000 0.000 0.000
1.133376,-0.064289 1.034987 -0.007428,359.084 340.849 359.796,3.372 6.144 1.128,0.000 0.000 0.000,6.537 15.159 5.594,0.000 0.000 0.000,0.000 0.000 0.000,0.000 0.000 0.000,0.000 0.000 0.000,22.807 42.754 83.215,358.656 35.955 358.916,0.000 0.000 0.000,0.000 0.000 0.000,6.677 14.824 299.117,358.680 324.732 1.074,0.000 0.000 0.000,344.786 17.860 6.957,39.196 2.040 1.894,0.000 0.000 0.000,0.000 0.000 0.000,346.187 20.408 11.396,42.641 357.613 357.738,0.000 0.000 0.000,0.000 0.000 0.000
1.166714,-0.061518 1.034987 -0.007428,359.031 340.853 359.830,3.371 6.221 1.142,0.000 0.000 0.000,6.558 15.331 6.034,0.000 0.000 0.000,0.000 0.000 0.000,0.000 0.000 0.000,0.000 0.000 0.000,23.108 42.434 83.353,358.650 36.157 358.908,0.000 0.000 0.000,0.000 0.000 0.000,0.418 25.176 301.980,358.425 313.499 1.561,0.000 0.000 0.000,345.635 18.235 6.893,38.596 1.989 1.845,0.000 0.000 0.000,0.000 0.000 0.000,346.514 20.103 11.536,42.269 357.649 357.774,0.000 0.000 0.000,0.000 0.000 0.000
1.199902,-0.058780 1.034987 -0.007428,358.979 340.857 359.863,3.369 6.295 1.156,0.000 0.000 0.000,6.574 15.510 6.469,0.000 0.000 0.000,0.000 0.000 0.000,0.000 0.000 0.000,0.000 0.000 0.000,23.407 42.122 83.487,358.645 36.356 358.900,0.000 0.000 0.000,0.000 0.000 0.000,354.029 33.890 303.609,358.252 300.115 2.192,0.000 0.000 0.000,346.485 18.610 6.837,37.991 1.939 1.796,0.000 0.000 0.000,0.000 0.000 0.000,346.840 19.797 11.673,41.898 357.685 357.809,0.000 0.000 0.000,0.000 0.000 0.000
1.233338,-0.058780 1.030423 -0.007428,358.744 341.764 0.032,3.359 6.780 1.244,0.000 0.000 0.000,6.027 16.630 5.418,0.000 0.000 0.000,0.000 0.000 0.000,0.000 0.000 0.000,0.000 0.000 0.000,23.366 40.110 82.508,358.672 35.358 358.941,0.000 0.000 0.000,0.000 0.000 0.000,346.829 38.553 304.524,358.252 282.840 3.035,0.000 0.000 0.000,348.244 17.569 6.176,37.103 1.867 1.727,0.000 0.000 0.000,0.000 0.000 0.000,348.351 19.417 11.635,40.645 357.804 357.924,0.000 0.000 0.000,0.000 0.000 0.000
1.266684,-0.058780 1.025932 -0.007428,358.514 342.700 0.197,3.349 7.239 1.328,0.000 0.000 0.000,5.604 17.660 4.349,0.000 0.000 0.000,0.000 0.000 0.000,0.000 0.000 0.000,0.000 0.000 0.000,23.307 38.086 81.542,358.699 34.370 358.980,0.000 0.000 0.000,0.000 0.000 0.000,340.384 41.511 304.763,358.413 270.137 3.635,0.000 0.000 0.000,349.972 16.460 5.507,36.222 1.797 1.660,0.000 0.000 0.000,0.000 0.000 0.000,349.834 19.012 11.608,39.411 357.915 358.033,0.000 0.000 0.000,0.000 0.000 0.000
1.299888,-0.058780 1.021455 -0.007428,358.288 343.662 0.358,3.339 7.669 1.407,0.000 0.000 0.000,5.300 18.586 3.273,0.000 0.000 0.000,0.000 0.000 0.000,0.000 0.000 0.000,0.000 0.000 0.000,23.231 36.055 80.591,358.726 33.397 359.019,0.000 0.000 0.000,0.000 0.000 0.000,334.827 42.923 304.781,358.566 262.762 3.962,0.000 0.000 0.000,351.664 15.287 4.831,35.352 1.731 1.597,0.000 0.000 0.000,0.000 0.000 0.000,351.283 18.583 11.592,38.202 358.019 358.134,0.000 0.000 0.000,0.000 0.000 0.000
1.333377,-0.055965 1.021455 -0.007428,358.121 343.995 0.501,3.326 8.167 1.497,0.000 0.000 0.000,5.597 17.794 2.452,0.000 0.000 0.000,0.000 0.000 0.000,0.000 0.000 0.000,0.000 0.000 0.000,23.634 35.026 79.999,358.730 33.249 359.025,0.000 0.000 0.000,0.000 0.000 0.000,329.079 42.234 305.893,358.581 262.099 3.990,0.000 0.000 0.000,351.988 15.602 4.527,35.086 1.711 1.577,0.000 0.000 0.000,0.000 0.000 0.000,351.984 18.337 11.361,37.948 358.040 358.155,0.000 0.000 0.000,0.000 0.000 0.000
1.366553,-0.053230 1.021455 -0.007428,357.959 344.328 0.638,3.313 8.649 1.585,0.000 0.000 0.000,5.884 17.002 1.648,0.000 0.000 0.000,0.000 0.000 0.000,0.000 0.000 0.000,0.000 0.000 0.000,24.021 34.014 79.418,358.735 33.101 359.031,0.000 0.000 0.000,0.000 0.000 0.000,323.289 40.682 307.274,358.563 262.891 3.957,0.000 0.000 0.000,352.303 15.889 4.241,34.834 1.692 1.560,0.000 0.000 0.000,0.000 0.000 0.000,352.663 18.083 11.138,37.700 358.061 358.175,0.000 0.000 0.000,0.000 0.000 0.000
1.399896,-0.050444 1.021455 -0.007428,357.797 344.671 0.774,3.299 9.129 1.672,0.000 0.000 0.000,6.169 16.187 0.836,0.000 0.000 0.000,0.000 0.000 0.000,0.000 0.000 0.000,0.000 0.000 0.000,24.402 32.986 78.829,358.739 32.949 359.037,0.000 0.000 0.000,0.000 0.000 0.000,317.383 38.071 309.198,358.517 264.890 3.870,0.000 0.000 0.000,352.619 16.160 3.963,34.587 1.674 1.542,0.000 0.000 0.000,0.000 0.000 0.000,353.339 17.815 10.915,37.450 358.082 358.195,0.000 0.000 0.000,0.000 0.000 0.000
1.433365,-0.050444 1.026020 -0.007428,357.484 345.291 0.853,3.319 8.430 1.545,0.000 0.000 0.000,5.777 16.051 1.016,0.000 0.000 0.000,0.000 0.000 0.000,0.000 0.000 0.000,0.000 0.000 0.000,24.488 34.007 79.180,358.757 32.344 359.061,0.000 0.000 0.000,0.000 0.000 0.000,310.407 32.576 315.683,358.401 270.830 3.603,0.000 0.000 0.000,352.981 16.557 4.132,34.111 1.639 1.509,0.000 0.000 0.000,0.000 0.000 0.000,353.555 17.135 10.621,37.458 358.081 358.194,0.000 0.000 0.000,0.000 0.000 0.000
1.466672,-0.050444 1.030518 -0.007428,357.176 345.899 0.924,3.337 7.732 1.418,0.000 0.000 0.000,5.380 15.933 1.201,0.000 0.000 0.000,0.000 0.000 0.000,0.000 0.000 0.000,0.000 0.000 0.000,24.569 35.059 79.539,358.774 31.749 359.084,0.000 0.000 0.000,0.000 0.000 0.000,303.769 23.518 325.366,358.302 277.610 3.286,0.000 0.000 0.000,353.324 16.974 4.312,33.652 1.606 1.477,0.000 0.000 0.000,0.000 0.000 0.000,353.766 16.465 10.329,37.466 358.080 358.193,0.000 0.000 0.000,0.000 0.000 0.000
1.49991,-0.050444 1.034987 -0.007428,356.871 346.501 0.988,3.354 7.033 1.291,0.000 0.000 0.000,4.976 15.829 1.390,0.000 0.000 0.000,0.000 0.000 0.000,0.000 0.000 0.000,0.000 0.000 0.000,24.645 36.149 79.908,358.792 31.161 359.107,0.000 0.000 0.000,0.000 0.000 0.000,298.438 9.607 339.592,358.239 284.883 2.936,0.000 0.000 0.000,353.652 17.415 4.503,33.210 1.575 1.448,0.000 0.000 0.000,0.000 0.000 0.000,353.973 15.801 10.038,37.473 358.080 358.193,0.000 0.000 0.000,0.000 0.000 0.000
1.533338,-0.050444 1.039544 -0.007428,356.600 346.413 1.002,3.368 6.376 1.170,0.000 0.000 0.000,4.616 15.254 1.733,0.000 0.000 0.000,0.000 0.000 0.000,0.000 0.000 0.000,0.000 0.000 0.000,24.685 37.820 80.324,358.813 30.462 359.133,0.000 0.000 0.000,0.000 0.000 0.000,296.485 356.092 352.583,358.221 289.900 2.691,0.000 0.000 0.000,353.843 18.392 4.731,33.142 1.570 1.443,0.000 0.000 0.000,0.000 0.000 0.000,354.474 16.735 10.233,37.198 358.102 358.215,0.000 0.000 0.000,0.000 0.000 0.000
1.566723,-0.050444 1.044065 -0.007428,356.330 346.327 1.017,3.380 5.719 1.050,0.000 0.000 0.000,4.267 14.733 2.107,0.000 0.000 0.000,0.000 0.000 0.000,0.000 0.000 0.000,0.000 0.000 0.000,24.720 39.513 80.749,358.834 29.774 359.160,0.000 0.000 0.000,0.000 0.000 0.000,296.117 342.139 6.014,358.225 294.610 2.460,0.000 0.000 0.000,354.025 19.357 4.960,33.084 1.566 1.439,0.000 0.000 0.000,0.000 0.000 0.000,354.961 17.666 10.440,36.939 358.123 358.235,0.000 0.000 0.000,0.000 0.000 0.000
1.599898,-0.050444 1.048518 -0.007428,356.063 346.243 1.033,3.392 5.068 0.931,0.000 0.000 0.000,3.931 14.265 2.508,0.000 0.000 0.000,0.000 0.000 0.000,0.000 0.000 0.000,0.000 0.000 0.000,24.750 41.217 81.180,358.855 29.101 359.185,0.000 0.000 0.000,0.000 0.000 0.000,297.108 329.627 18.033,358.244 298.861 2.253,0.000 0.000 0.000,354.197 20.302 5.190,33.037 1.563 1.436,0.000 0.000 0.000,0.000 0.000 0.000,355.429 18.588 10.655,36.696 358.143 358.254,0.000 0.000 0.000,0.000 0.000 0.000
1.633311,-0.044840 1.053067 -0.007428,356.151 346.211 1.032,3.398 4.694 0.862,0.000 0.000 0.000,3.687 14.725 2.613,0.000 0.000 0.000,0.000 0.000 0.000,0.000 0.000 0.000,0.000 0.000 0.000,24.414 41.465 80.900,358.851 29.228 359.180,0.000 0.000 0.000,0.000 0.000 0.000,296.973 323.679 20.646,358.239 298.092 2.290,0.000 0.000 0.000,354.360 20.500 5.150,32.560 1.530 1.404,0.000 0.000 0.000,0.000 0.000 0.000,356.331 18.723 10.494,35.493 358.237 358.345,0.000 0.000 0.000,0.000 0.000 0.000
1.666614,-0.039346 1.057526 -0.007428,356.238 346.180 1.031,3.403 4.324 0.795,0.000 0.000 0.000,3.443 15.177 2.718,0.000 0.000 0.000,0.000 0.000 0.000,0.000 0.000 0.000,0.000 0.000 0.000,24.080 41.708 80.624,358.847 29.354 359.175,0.000 0.000 0.000,0.000 0.000 0.000,297.228 318.556 22.758,358.233 296.975 2.344,0.000 0.000 0.000,354.518 20.695 5.110,32.093 1.498 1.374,0.000 0.000 0.000,0.000 0.000 0.000,357.204 18.847 10.338,34.323 358.325 358.431,0.000 0.000 0.000,0.000 0.000 0.000
1.699891,-0.033771 1.062050 -0.007428,356.326 346.152 1.030,3.408 3.952 0.726,0.000 0.000 0.000,3.195 15.628 2.822,0.000 0.000 0.000,0.000 0.000 0.000,0.000 0.000 0.000,0.000 0.000 0.000,23.741 41.952 80.346,358.843 29.480 359.171,0.000 0.000 0.000,0.000 0.000 0.000,297.839 314.211 24.367,358.227 295.541 2.414,0.000 0.000 0.000,354.673 20.892 5.070,31.627 1.467 1.344,0.000 0.000 0.000,0.000 0.000 0.000,358.063 18.962 10.184,33.165 358.409 358.512,0.000 0.000 0.000,0.000 0.000 0.000
1.733369,-0.033771 1.066622 -0.007428,356.579 345.280 1.054,3.404 4.217 0.775,0.000 0.000 0.000,2.790 16.742 3.234,0.000 0.000 0.000,0.000 0.000 0.000,0.000 0.000 0.000,0.000 0.000 0.000,23.406 42.421 80.338,358.830 29.893 359.155,0.000 0.000 0.000,0.000 0.000 0.000,299.275 314.978 23.108,358.220 291.393 2.617,0.000 0.000 0.000,355.061 20.739 4.452,31.215 1.439 1.318,0.000 0.000 0.000,0.000 0.000 0.000,358.190 19.968 9.904,32.877 358.430 358.532,0.000 0.000 0.000,0.000 0.000 0.000
1.766674,-0.033771 1.071116 -0.007428,356.831 344.426 1.072,3.401 4.484 0.824,0.000 0.000 0.000,2.382 17.822 3.632,0.000 0.000 0.000,0.000 0.000 0.000,0.000 0.000 0.000,0.000 0.000 0.000,23.074 42.877 80.332,358.818 30.303 359.139,0.000 0.000 0.000,0.000 0.000 0.000,300.789 315.689 21.958,358.227 287.421 2.812,0.000 0.000 0.000,355.410 20.566 3.839,30.830 1.414 1.294,0.000 0.000 0.000,0.000 0.000 0.000,358.310 20.956 9.628,32.595 358.450 358.551,0.000 0.000 0.000,0.000 0.000 0.000
1.799899,-0.033771 1.075581 -0.007428,357.086 343.585 1.084,3.397 4.755 0.874,0.000 0.000 0.000,1.968 18.873 4.017,0.000 0.000 0.000,0.000 0.000 0.000,0.000 0.000 0.000,0.000 0.000 0.000,22.744 43.325 80.327,358.805 30.711 359.124,0.000 0.000 0.000,0.000 0.000 0.000,302.358 316.336 20.919,358.246 283.655 2.995,0.000 0.000 0.000,355.723 20.373 3.230,30.470 1.391 1.272,0.000 0.000 0.000,0.000 0.000 0.000,358.423 21.932 9.352,32.318 358.469 358.569,0.000 0.000 0.000,0.000 0.000 0.000
1.833292,-0.033771 1.071037 -0.007428,357.177 343.133 1.175,3.390 5.176 0.951,0.000 0.000 0.000,1.989 17.892 4.232,0.000 0.000 0.000,0.000 0.000 0.000,0.000 0.000 0.000,0.000 0.000 0.000,22.555 43.527 80.522,358.803 30.790 359.121,0.000 0.000 0.000,0.000 0.000 0.000,301.709 317.157 20.212,358.248 283.396 3.008,0.000 0.000 0.000,356.116 19.843 2.616,30.120 1.368 1.250,0.000 0.000 0.000,0.000 0.000 0.000,358.970 21.332 8.610,31.950 358.494 358.594,0.000 0.000 0.000,0.000 0.000 0.000
1.866701,-0.033771 1.066508 -0.007428,357.270 342.686 1.266,3.383 5.592 1.027,0.000 0.000 0.000,2.021 16.906 4.447,0.000 0.000 0.000,0.000 0.000 0.000,0.000 0.000 0.000,0.000 0.000 0.000,22.365 43.733 80.718,358.800 30.870 359.118,0.000 0.000 0.000,0.000 0.000 0.000,301.072 318.002 19.482,358.250 283.139 3.020,0.000 0.000 0.000,356.487 19.284 1.992,29.783 1.347 1.230,0.000 0.000 0.000,0.000 0.000 0.000,359.481 20.709 7.861,31.604 358.518 358.616,0.000 0.000 0.000,0.000 0.000 0.000
1.899841,-0.033771 1.062050 -0.007428,357.364 342.248 1.355,3.375 6.000 1.102,0.000 0.000 0.000,2.061 15.928 4.660,0.000 0.000 0.000,0.000 0.000 0.000,0.000 0.000 0.000,0.000 0.000 0.000,22.176 43.941 80.913,358.798 30.949 359.115,0.000 0.000 0.000,0.000 0.000 0.000,300.452 318.864 18.735,358.252 282.886 3.033,0.000 0.000 0.000,356.831 18.700 1.365,29.463 1.327 1.211,0.000 0.000 0.000,0.000 0.000 0.000,359.952 20.073 7.112,31.285 358.539 358.637,0.000 0.000 0.000,0.000 0.000 0.000
1.933356,-0.033771 1.057486 -0.007428,357.239 342.348 1.385,3.381 5.690 1.045,0.000 0.000 0.000,2.267 16.230 4.715,0.000 0.000 0.000,0.000 0.000 0.000,0.000 0.000 0.000,0.000 0.000 0.000,22.971 44.157 81.591,358.801 30.848 359.119,0.000 0.000 0.000,0.000 0.000 0.000,298.439 318.379 20.305,358.230 286.642 2.850,0.000 0.000 0.000,357.070 18.709 1.403,29.197 1.310 1.195,0.000 0.000 0.000,0.000 0.000 0.000,0.083 19.927 7.146,31.237 358.543 358.640,0.000 0.000 0.000,0.000 0.000 0.000
1.966664,-0.033771 1.052984 -0.007428,357.116 342.445 1.414,3.386 5.383 0.989,0.000 0.000 0.000,2.469 16.532 4.771,0.000 0.000 0.000,0.000 0.000 0.000,0.000 0.000 0.000,0.000 0.000 0.000,23.748 44.362 82.252,358.804 30.759 359.122,0.000 0.000 0.000,0.000 0.000 0.000,296.605 317.764 22.024,358.221 290.338 2.669,0.000 0.000 0.000,357.306 18.721 1.441,28.934 1.294 1.180,0.000 0.000 0.000,0.000 0.000 0.000,0.212 19.783 7.179,31.190 358.546 358.643,0.000 0.000 0.000,0.000 0.000 0.000
1.999847,-0.033771 1.048518 -0.007428,356.994 342.543 1.442,3.391 5.078 0.933,0.000 0.000 0.000,2.669 16.836 4.828,0.000 0.000 0.000,0.000 0.000 0.000,0.000 0.000 0.000,0.000 0.000 0.000,24.510 44.556 82.898,358.806 30.680 359.125,0.000 0.000 0.000,0.000 0.000 0.000,294.958 317.033 23.884,358.223 293.937 2.493,0.000 0.000 0.000,357.541 18.734 1.479,28.671 1.277 1.164,0.000 0.000 0.000,0.000 0.000 0.000,0.339 19.640 7.212,31.144 358.549 358.646,0.000 0.000 0.000,0.000 0.000 0.000
2.033297,-0.033771 1.053080 -0.007428,356.741 342.515 1.515,3.391 5.081 0.933,0.000 0.000 0.000,2.679 15.334 4.679,0.000 0.000 0.000,0.000 0.000 0.000,0.000 0.000 0.000,0.000 0.000 0.000,25.232 45.216 83.661,358.823 30.126 359.146,0.000 0.000 0.000,0.000 0.000 0.000,295.513 316.069 26.681,358.231 296.408 2.372,0.000 0.000 0.000,357.831 18.805 1.507,28.611 1.274 1.161,0.000 0.000 0.000,0.000 0.000 0.000,1.097 19.837 7.306,30.653 358.581 358.678,0.000 0.000 0.000,0.000 0.000 0.000
2.066516,-0.033771 1.057531 -0.007428,356.492 342.486 1.587,3.391 5.086 0.934,0.000 0.000 0.000,2.693 13.833 4.531,0.000 0.000 0.000,0.000 0.000 0.000,0.000 0.000 0.000,0.000 0.000 0.000,25.928 45.885 84.431,358.840 29.583 359.167,0.000 0.000 0.000,0.000 0.000 0.000,296.231 315.332 29.283,358.244 298.893 2.251,0.000 0.000 0.000,358.116 18.877 1.536,28.551 1.270 1.157,0.000 0.000 0.000,0.000 0.000 0.000,1.842 20.039 7.403,30.171 358.613 358.708,0.000 0.000 0.000,0.000 0.000 0.000
2.099803,-0.033771 1.062050 -0.007428,356.242 342.453 1.660,3.391 5.092 0.936,0.000 0.000 0.000,2.708 12.297 4.379,0.000 0.000 0.000,0.000 0.000 0.000,0.000 0.000 0.000,0.000 0.000 0.000,26.615 46.579 85.227,358.857 29.037 359.187,0.000 0.000 0.000,0.000 0.000 0.000,297.133 314.854 31.712,358.263 301.447 2.127,0.000 0.000 0.000,358.403 18.954 1.566,28.490 1.266 1.154,0.000 0.000 0.000,0.000 0.000 0.000,2.593 20.250 7.507,29.682 358.645 358.738,0.000 0.000 0.000,0.000 0.000 0.000
2.133294,-0.033771 1.062050 -0.007428,356.148 342.829 1.677,3.385 5.482 1.007,0.000 0.000 0.000,2.321 12.279 3.866,0.000 0.000 0.000,0.000 0.000 0.000,0.000 0.000 0.000,0.000 0.000 0.000,26.443 46.438 85.165,358.871 28.583 359.204,0.000 0.000 0.000,0.000 0.000 0.000,297.359 314.861 31.438,358.262 301.383 2.130,0.000 0.000 0.000,358.890 18.715 1.585,28.017 1.238 1.127,0.000 0.000 0.000,0.000 0.000 0.000,3.054 20.244 7.663,29.170 358.677 358.769,0.000 0.000 0.000,0.000 0.000 0.000
2.166607,-0.033771 1.062050 -0.007428,356.056 343.203 1.693,3.377 5.873 1.078,0.000 0.000 0.000,1.950 12.248 3.346,0.000 0.000 0.000,0.000 0.000 0.000,0.000 0.000 0.000,0.000 0.000 0.000,26.278 46.309 85.107,358.885 28.136 359.221,0.000 0.000 0.000,0.000 0.000 0.000,297.584 314.858 31.173,358.262 301.315 2.134,0.000 0.000 0.000,359.371 18.479 1.604,27.552 1.210 1.100,0.000 0.000 0.000,0.000 0.000 0.000,3.505 20.246 7.823,28.666 358.709 358.800,0.000 0.000 0.000,0.000 0.000 0.000
2.199853,-0.033771 1.062050 -0.007428,355.964 343.579 1.709,3.370 6.269 1.151,0.000 0.000 0.000,1.594 12.206 2.814,0.000 0.000 0.000,0.000 0.000 0.000,0.000 0.000 0.000,0.000 0.000 0.000,26.117 46.190 85.050,358.900 27.692 359.237,0.000 0.000 0.000,0.000 0.000 0.000,297.807 314.843 30.913,358.261 301.243 2.137,0.000 0.000 0.000,359.847 18.244 1.625,27.089 1.183 1.075,0.000 0.000 0.000,0.000 0.000 0.000,3.950 20.255 7.987,28.167 358.740 358.829,0.000 0.000 0.000,0.000 0.000 0.000
2.233161,-0.033771 1.062050 -0.007428,356.049 344.188 1.719,3.369 6.328 1.162,0.000 0.000 0.000,1.392 14.112 2.449,0.000 0.000 0.000,0.000 0.000 0.000,0.000 0.000 0.000,0.000 0.000 0.000,25.543 44.688 84.145,358.915 27.203 359.255,0.000 0.000 0.000,0.000 0.000 0.000,298.184 312.537 31.705,358.259 301.017 2.148,0.000 0.000 0.000,359.817 17.619 1.527,27.172 1.187 1.079,0.000 0.000 0.000,0.000 0.000 0.000,3.713 19.859 7.961,28.187 358.738 358.828,0.000 0.000 0.000,0.000 0.000 0.000
2.266633,-0.033771 1.062050 -0.007428,356.222 345.409 1.744,3.366 6.440 1.182,0.000 0.000 0.000,1.138 17.771 1.658,0.000 0.000 0.000,0.000 0.000 0.000,0.000 0.000 0.000,0.000 0.000 0.000,24.317 41.703 82.367,358.948 26.209 359.291,0.000 0.000 0.000,0.000 0.000 0.000,299.019 307.957 33.224,358.256 300.624 2.167,0.000 0.000 0.000,359.749 16.367 1.328,27.337 1.197 1.088,0.000 0.000 0.000,0.000 0.000 0.000,3.233 19.067 7.902,28.225 358.736 358.826,0.000 0.000 0.000,0.000 0.000 0.000
2.299844,-0.033771 1.062050 -0.007428,356.288 346.180 1.791,3.370 6.239 1.145,0.000 0.000 0.000,1.039 18.983 1.828,0.000 0.000 0.000,0.000 0.000 0.000,0.000 0.000 0.000,0.000 0.000 0.000,23.976 40.059 81.592,358.955 26.006 359.298,0.000 0.000 0.000,0.000 0.000 0.000,299.396 306.995 31.953,358.239 298.172 2.286,0.000 0.000 0.000,359.286 15.699 1.230,27.824 1.226 1.116,0.000 0.000 0.000,0.000 0.000 0.000,2.507 18.261 7.757,28.866 358.696 358.788,0.000 0.000 0.000,0.000 0.000 0.000
2.333127,-0.033771 1.062050 -0.007428,356.421 347.730 1.893,3.378 5.824 1.070,0.000 0.000 0.000,0.835 21.271 2.135,0.000 0.000 0.000,0.000 0.000 0.000,0.000 0.000 0.000,0.000 0.000 0.000,23.229 36.775 80.071,358.968 25.610 359.312,0.000 0.000 0.000,0.000 0.000 0.000,300.546 305.348 29.152,358.222 293.321 2.523,0.000 0.000 0.000,358.350 14.349 1.026,28.803 1.285 1.172,0.000 0.000 0.000,0.000 0.000 0.000,1.042 16.648 7.466,30.154 358.614 358.709,0.000 0.000 0.000,0.000 0.000 0.000
2.366678,-0.033771 1.062050 -0.007428,356.540 347.615 1.877,3.386 5.434 0.998,0.000 0.000 0.000,1.274 21.896 2.272,0.000 0.000 0.000,0.000 0.000 0.000,0.000 0.000 0.000,0.000 0.000 0.000,23.215 37.579 80.090,358.963 25.753 359.307,0.000 0.000 0.000,0.000 0.000 0.000,301.652 307.695 26.486,358.222 289.818 2.695,0.000 0.000 0.000,357.992 14.414 1.010,28.965 1.295 1.181,0.000 0.000 0.000,0.000 0.000 0.000,0.438 16.646 7.426,30.691 358.579 358.675,0.000 0.000 0.000,0.000 0.000 0.000
2.400281,-0.033771 1.062050 -0.007428,356.657 347.503 1.861,3.392 5.053 0.928,0.000 0.000 0.000,1.706 22.514 2.409,0.000 0.000 0.000,0.000 0.000 0.000,0.000 0.000 0.000,0.000 0.000 0.000,23.202 38.366 80.107,358.959 25.895 359.302,0.000 0.000 0.000,0.000 0.000 0.000,302.934 309.903 23.964,358.232 286.322 2.866,0.000 0.000 0.000,357.637 14.478 0.995,29.125 1.305 1.191,0.000 0.000 0.000,0.000 0.000 0.000,359.838 16.645 7.389,31.225 358.543 358.641,0.000 0.000 0.000,0.000 0.000 0.000
2.433165,-0.033771 1.062050 -0.007428,356.763 347.403 1.847,3.397 4.715 0.866,0.000 0.000 0.000,2.092 23.068 2.533,0.000 0.000 0.000,0.000 0.000 0.000,0.000 0.000 0.000,0.000 0.000 0.000,23.190 39.064 80.120,358.954 26.023 359.297,0.000 0.000 0.000,0.000 0.000 0.000,304.240 311.761 21.823,358.250 283.187 3.018,0.000 0.000 0.000,357.317 14.534 0.981,29.270 1.314 1.199,0.000 0.000 0.000,0.000 0.000 0.000,359.298 16.645 7.357,31.705 358.511 358.610,0.000 0.000 0.000,0.000 0.000 0.000
2.466604,-0.033771 1.062050 -0.007428,356.884 346.622 1.752,3.398 4.690 0.862,0.000 0.000 0.000,2.471 21.700 2.267,0.000 0.000 0.000,0.000 0.000 0.000,0.000 0.000 0.000,0.000 0.000 0.000,23.267 40.164 80.293,358.919 27.107 359.258,0.000 0.000 0.000,0.000 0.000 0.000,304.934 313.572 20.266,358.263 281.441 3.103,0.000 0.000 0.000,356.699 15.257 1.060,29.687 1.341 1.224,0.000 0.000 0.000,0.000 0.000 0.000,358.965 17.137 7.358,31.955 358.494 358.593,0.000 0.000 0.000,0.000 0.000 0.000
2.49996,-0.033771 1.062050 -0.007428,357.004 345.852 1.656,3.398 4.663 0.857,0.000 0.000 0.000,2.846 20.269 1.966,0.000 0.000 0.000,0.000 0.000 0.000,0.000 0.000 0.000,0.000 0.000 0.000,23.342 41.248 80.462,358.883 28.208 359.218,0.000 0.000 0.000,0.000 0.000 0.000,305.684 315.314 18.771,358.279 279.725 3.185,0.000 0.000 0.000,356.081 15.967 1.137,30.103 1.367 1.249,0.000 0.000 0.000,0.000 0.000 0.000,358.631 17.621 7.360,32.206 358.477 358.577,0.000 0.000 0.000,0.000 0.000 0.000
2.533141,-0.033771 1.062050 -0.007428,357.111 345.167 1.568,3.398 4.636 0.852,0.000 0.000 0.000,3.178 18.929 1.663,0.000 0.000 0.000,0.000 0.000 0.000,0.000 0.000 0.000,0.000 0.000 0.000,23.408 42.211 80.611,358.851 29.216 359.181,0.000 0.000 0.000,0.000 0.000 0.000,306.405 316.826 17.476,358.295 278.207 3.258,0.000 0.000 0.000,355.524 16.597 1.205,30.477 1.391 1.272,0.000 0.000 0.000,0.000 0.000 0.000,358.328 18.051 7.363,32.432 358.461 358.562,0.000 0.000 0.000,0.000 0.000 0.000
2.56665,-0.033771 1.052621 -0.007428,357.167 345.488 1.649,3.394 4.943 0.908,0.000 0.000 0.000,2.958 18.077 2.110,0.000 0.000 0.000,0.000 0.000 0.000,0.000 0.000 0.000,0.000 0.000 0.000,23.266 43.440 81.155,358.852 29.194 359.181,0.000 0.000 0.000,0.000 0.000 0.000,305.124 315.244 18.354,358.275 280.164 3.164,0.000 0.000 0.000,354.856 16.386 1.110,31.334 1.447 1.325,0.000 0.000 0.000,0.000 0.000 0.000,357.962 17.779 7.290,32.762 358.438 358.539,0.000 0.000 0.000,0.000 0.000 0.000
2.605783,-0.033771 1.041692 -0.007428,357.232 345.864 1.744,3.388 5.299 0.973,0.000 0.000 0.000,2.708 17.049 2.622,0.000 0.000 0.000,0.000 0.000 0.000,0.000 0.000 0.000,0.000 0.000 0.000,23.083 44.893 81.776,358.852 29.200 359.181,0.000 0.000 0.000,0.000 0.000 0.000,303.621 313.299 19.471,358.255 282.483 3.052,0.000 0.000 0.000,354.069 16.133 0.997,32.341 1.515 1.390,0.000 0.000 0.000,0.000 0.000 0.000,357.529 17.461 7.206,33.154 358.410 358.513,0.000 0.000 0.000,0.000 0.000 0.000
2.633186,-0.033771 1.034987 -0.007428,357.271 346.097 1.803,3.384 5.517 1.013,0.000 0.000 0.000,2.557 16.396 2.934,0.000 0.000 0.000,0.000 0.000 0.000,0.000 0.000 0.000,0.000 0.000 0.000,22.961 45.797 82.152,358.851 29.220 359.180,0.000 0.000 0.000,0.000 0.000 0.000,302.690 312.040 20.217,358.245 283.929 2.982,0.000 0.000 0.000,353.578 15.974 0.926,32.967 1.558 1.431,0.000 0.000 0.000,0.000 0.000 0.000,357.258 17.263 7.153,33.399 358.393 358.496,0.000 0.000 0.000,0.000 0.000 0.000
2.666451,-0.033771 1.034987 -0.007428,357.323 346.255 1.942,3.380 5.749 1.056,0.000 0.000 0.000,2.366 17.773 3.613,0.000 0.000 0.000,0.000 0.000 0.000,0.000 0.000 0.000,0.000 0.000 0.000,22.428 45.598 82.323,358.876 28.417 359.210,0.000 0.000 0.000,0.000 0.000 0.000,300.723 311.650 21.750,358.226 287.767 2.795,0.000 0.000 0.000,353.394 15.878 0.790,33.209 1.575 1.447,0.000 0.000 0.000,0.000 0.000 0.000,356.873 17.233 7.050,33.753 358.367 358.471,0.000 0.000 0.000,0.000 0.000 0.000
2.699885,-0.033771 1.034987 -0.007428,357.375 346.416 2.082,3.376 5.985 1.099,0.000 0.000 0.000,2.139 19.164 4.282,0.000 0.000 0.000,0.000 0.000 0.000,0.000 0.000 0.000,0.000 0.000 0.000,21.885 45.400 82.495,358.903 27.600 359.240,0.000 0.000 0.000,0.000 0.000 0.000,298.951 311.245 23.379,358.220 291.717 2.602,0.000 0.000 0.000,353.205 15.779 0.653,33.456 1.593 1.464,0.000 0.000 0.000,0.000 0.000 0.000,356.476 17.201 6.946,34.119 358.340 358.445,0.000 0.000 0.000,0.000 0.000 0.000
2.733165,-0.033771 1.034987 -0.007428,357.421 346.563 2.208,3.371 6.197 1.138,0.000 0.000 0.000,1.909 20.408 4.868,0.000 0.000 0.000,0.000 0.000 0.000,0.000 0.000 0.000,0.000 0.000 0.000,21.395 45.224 82.649,358.927 26.863 359.267,0.000 0.000 0.000,0.000 0.000 0.000,297.572 310.918 24.866,358.226 295.266 2.428,0.000 0.000 0.000,353.032 15.690 0.530,33.682 1.609 1.479,0.000 0.000 0.000,0.000 0.000 0.000,356.114 17.169 6.852,34.455 358.316 358.421,0.000 0.000 0.000,0.000 0.000 0.000
2.766578,-0.033771 1.034987 -0.007428,357.412 347.373 2.493,3.373 6.111 1.122,0.000 0.000 0.000,2.174 19.368 4.219,0.000 0.000 0.000,0.000 0.000 0.000,0.000 0.000 0.000,0.000 0.000 0.000,21.266 44.313 82.499,358.936 26.577 359.277,0.000 0.000 0.000,0.000 0.000 0.000,296.312 312.432 24.877,358.235 297.325 2.327,0.000 0.000 0.000,353.234 14.950 0.215,33.673 1.608 1.479,0.000 0.000 0.000,0.000 0.000 0.000,355.817 16.624 6.606,34.819 358.288 358.395,0.000 0.000 0.000,0.000 0.000 0.000
2.799811,-0.033771 1.034987 -0.007428,357.396 348.184 2.774,3.375 6.029 1.107,0.000 0.000 0.000,2.429 18.322 3.574,0.000 0.000 0.000,0.000 0.000 0.000,0.000 0.000 0.000,0.000 0.000 0.000,21.139 43.399 82.350,358.945 26.297 359.287,0.000 0.000 0.000,0.000 0.000 0.000,295.314 314.316 24.598,358.246 299.268 2.233,0.000 0.000 0.000,353.433 14.206 359.904,33.663 1.607 1.478,0.000 0.000 0.000,0.000 0.000 0.000,355.525 16.073 6.360,35.178 358.261 358.369,0.000 0.000 0.000,0.000 0.000 0.000
2.833174,-0.033771 1.034987 -0.007428,357.375 348.937 3.033,3.376 5.956 1.094,0.000 0.000 0.000,2.656 17.345 2.979,0.000 0.000 0.000,0.000 0.000 0.000,0.000 0.000 0.000,0.000 0.000 0.000,21.023 42.548 82.211,358.954 26.042 359.297,0.000 0.000 0.000,0.000 0.000 0.000,294.624 316.417 24.051,358.259 300.952 2.151,0.000 0.000 0.000,353.615 13.514 359.617,33.654 1.607 1.478,0.000 0.000 0.000,0.000 0.000 0.000,355.259 15.557 6.131,35.508 358.236 358.344,0.000 0.000 0.000,0.000 0.000 0.000
2.866567,-0.033771 1.034987 -0.007428,357.416 348.567 2.857,3.371 6.190 1.136,0.000 0.000 0.000,2.576 17.006 3.341,0.000 0.000 0.000,0.000 0.000 0.000,0.000 0.000 0.000,0.000 0.000 0.000,20.715 41.951 82.190,358.949 26.172 359.292,0.000 0.000 0.000,0.000 0.000 0.000,294.699 315.673 24.407,358.261 301.199 2.139,0.000 0.000 0.000,353.731 13.774 359.783,33.545 1.599 1.470,0.000 0.000 0.000,0.000 0.000 0.000,355.307 15.658 6.241,35.468 358.239 358.347,0.000 0.000 0.000,0.000 0.000 0.000
2.89996,-0.033771 1.034987 -0.007428,357.448 348.256 2.709,3.367 6.388 1.173,0.000 0.000 0.000,2.513 16.715 3.646,0.000 0.000 0.000,0.000 0.000 0.000,0.000 0.000 0.000,0.000 0.000 0.000,20.460 41.449 82.176,358.946 26.289 359.288,0.000 0.000 0.000,0.000 0.000 0.000,294.758 315.043 24.705,358.262 301.408 2.129,0.000 0.000 0.000,353.829 13.993 359.922,33.454 1.592 1.464,0.000 0.000 0.000,0.000 0.000 0.000,355.349 15.743 6.333,35.435 358.242 358.350,0.000 0.000 0.000,0.000 0.000 0.000
2.933105,-0.033771 1.034987 -0.007428,357.479 347.952 2.564,3.363 6.583 1.208,0.000 0.000 0.000,2.457 16.427 3.945,0.000 0.000 0.000,0.000 0.000 0.000,0.000 0.000 0.000,0.000 0.000 0.000,20.213 40.958 82.165,358.942 26.412 359.283,0.000 0.000 0.000,0.000 0.000 0.000,294.813 314.420 24.997,358.264 301.612 2.119,0.000 0.000 0.000,353.924 14.207 0.059,33.365 1.586 1.458,0.000 0.000 0.000,0.000 0.000 0.000,355.389 15.825 6.423,35.403 358.244 358.352,0.000 0.000 0.000,0.000 0.000 0.000
2.966369,-0.033771 1.034987 -0.007428,357.357 347.952 2.435,3.356 6.913 1.269,0.000 0.000 0.000,2.449 15.923 3.510,0.000 0.000 0.000,0.000 0.000 0.000,0.000 0.000 0.000,0.000 0.000 0.000,20.700 41.455 82.206,358.934 26.636 359.275,0.000 0.000 0.000,0.000 0.000 0.000,294.502 313.054 25.307,358.264 301.635 2.118,0.000 0.000 0.000,354.022 14.134 0.207,33.265 1.579 1.451,0.000 0.000 0.000,0.000 0.000 0.000,355.583 15.819 6.591,35.298 358.252 358.360,0.000 0.000 0.000,0.000 0.000 0.000
2.999966,-0.033771 1.034987 -0.007428,357.234 347.953 2.304,3.349 7.252 1.331,0.000 0.000 0.000,2.440 15.375 3.064,0.000 0.000 0.000,0.000 0.000 0.000,0.000 0.000 0.000,0.000 0.000 0.000,21.204 41.953 82.252,358.926 26.881 359.266,0.000 0.000 0.000,0.000 0.000 0.000,294.187 311.668 25.619,358.264 301.645 2.118,0.000 0.000 0.000,354.121 14.060 0.358,33.163 1.572 1.444,0.000 0.000 0.000,0.000 0.000 0.000,355.781 15.813 6.762,35.191 358.260 358.368,0.000 0.000 0.000,0.000 0.000 0.000
3.033081,-0.033771 1.034987 -0.007428,357.124 347.953 2.187,3.341 7.556 1.386,0.000 0.000 0.000,2.430 14.859 2.666,0.000 0.000 0.000,0.000 0.000 0.000,0.000 0.000 0.000,0.000 0.000 0.000,21.657 42.388 82.298,358.919 27.110 359.258,0.000 0.000 0.000,0.000 0.000 0.000,293.908 310.444 25.891,358.264 301.644 2.118,0.000 0.000 0.000,354.209 13.995 0.491,33.072 1.566 1.438,0.000 0.000 0.000,0.000 0.000 0.000,355.955 15.809 6.914,35.096 358.267 358.375,0.000 0.000 0.000,0.000 0.000 0.000
3.066569,-0.033771 1.044375 -0.007428,357.048 347.996 2.073,3.349 7.213 1.323,0.000 0.000 0.000,2.152 14.848 2.208,0.000 0.000 0.000,0.000 0.000 0.000,0.000 0.000 0.000,0.000 0.000 0.000,21.911 42.801 82.319,358.914 27.251 359.253,0.000 0.000 0.000,0.000 0.000 0.000,294.764 309.646 26.056,358.250 299.861 2.204,0.000 0.000 0.000,354.345 13.880 0.624,32.880 1.552 1.426,0.000 0.000 0.000,0.000 0.000 0.000,355.988 15.806 7.061,35.020 358.273 358.380,0.000 0.000 0.000,0.000 0.000 0.000
3.102924,-0.033771 1.054428 -0.007428,356.967 348.042 1.948,3.358 6.842 1.256,0.000 0.000 0.000,1.842 14.852 1.719,0.000 0.000 0.000,0.000 0.000 0.000,0.000 0.000 0.000,0.000 0.000 0.000,22.184 43.250 82.344,358.909 27.404 359.247,0.000 0.000 0.000,0.000 0.000 0.000,295.768 308.926 26.124,358.238 297.895 2.300,0.000 0.000 0.000,354.492 13.756 0.768,32.673 1.538 1.412,0.000 0.000 0.000,0.000 0.000 0.000,356.024 15.804 7.221,34.938 358.279 358.386,0.000 0.000 0.000,0.000 0.000 0.000
3.133104,-0.033771 1.062050 -0.007428,356.905 348.078 1.854,3.364 6.562 1.205,0.000 0.000 0.000,1.604 14.867 1.352,0.000 0.000 0.000,0.000 0.000 0.000,0.000 0.000 0.000,0.000 0.000 0.000,22.390 43.589 82.363,358.905 27.520 359.243,0.000 0.000 0.000,0.000 0.000 0.000,296.577 308.468 26.110,358.231 296.390 2.373,0.000 0.000 0.000,354.604 13.663 0.877,32.517 1.527 1.402,0.000 0.000 0.000,0.000 0.000 0.000,356.050 15.801 7.342,34.877 358.284 358.391,0.000 0.000 0.000,0.000 0.000 0.000
3.166367,-0.033771 1.062050 -0.007428,356.792 348.200 1.799,3.370 6.273 1.152,0.000 0.000 0.000,1.555 17.149 1.960,0.000 0.000 0.000,0.000 0.000 0.000,0.000 0.000 0.000,0.000 0.000 0.000,22.500 44.069 82.213,358.899 27.714 359.236,0.000 0.000 0.000,0.000 0.000 0.000,298.394 308.472 25.564,358.222 293.657 2.507,0.000 0.000 0.000,354.992 13.713 0.993,32.062 1.496 1.372,0.000 0.000 0.000,0.000 0.000 0.000,356.578 15.806 7.464,34.471 358.314 358.420,0.000 0.000 0.000,0.000 0.000 0.000
3.199706,-0.033771 1.062050 -0.007428,356.678 348.323 1.743,3.375 5.985 1.099,0.000 0.000 0.000,1.474 19.416 2.568,0.000 0.000 0.000,0.000 0.000 0.000,0.000 0.000 0.000,0.000 0.000 0.000,22.612 44.558 82.064,358.893 27.908 359.229,0.000 0.000 0.000,0.000 0.000 0.000,300.327 308.520 25.001,358.221 290.784 2.647,0.000 0.000 0.000,355.379 13.768 1.111,31.608 1.465 1.343,0.000 0.000 0.000,0.000 0.000 0.000,357.103 15.812 7.590,34.070 358.344 358.449,0.000 0.000 0.000,0.000 0.000 0.000
3.233044,-0.033771 1.062050 -0.007428,356.574 348.434 1.691,3.380 5.725 1.051,0.000 0.000 0.000,1.373 21.439 3.114,0.000 0.000 0.000,0.000 0.000 0.000,0.000 0.000 0.000,0.000 0.000 0.000,22.718 45.006 81.930,358.887 28.082 359.223,0.000 0.000 0.000,0.000 0.000 0.000,302.160 308.588 24.495,358.225 288.100 2.779,0.000 0.000 0.000,355.726 13.823 1.221,31.199 1.438 1.317,0.000 0.000 0.000,0.000 0.000 0.000,357.574 15.820 7.706,33.712 358.370 358.474,0.000 0.000 0.000,0.000 0.000 0.000
3.266476,-0.033771 1.062050 -0.007428,356.630 348.467 1.662,3.384 5.551 1.020,0.000 0.000 0.000,1.447 21.472 3.363,0.000 0.000 0.000,0.000 0.000 0.000,0.000 0.000 0.000,0.000 0.000 0.000,22.784 45.598 81.932,358.883 28.200 359.218,0.000 0.000 0.000,0.000 0.000 0.000,303.127 309.369 23.802,358.231 286.487 2.858,0.000 0.000 0.000,355.985 13.970 1.260,30.956 1.422 1.302,0.000 0.000 0.000,0.000 0.000 0.000,358.059 15.842 7.714,33.211 358.406 358.509,0.000 0.000 0.000,0.000 0.000 0.000
3.299709,-0.033771 1.062050 -0.007428,356.739 348.530 1.606,3.389 5.218 0.959,0.000 0.000 0.000,1.592 21.536 3.847,0.000 0.000 0.000,0.000 0.000 0.000,0.000 0.000 0.000,0.000 0.000 0.000,22.909 46.710 81.931,358.876 28.428 359.210,0.000 0.000 0.000,0.000 0.000 0.000,304.985 310.744 22.596,358.248 283.430 3.006,0.000 0.000 0.000,356.464 14.256 1.339,30.508 1.393 1.274,0.000 0.000 0.000,0.000 0.000 0.000,358.961 15.882 7.732,32.278 358.472 358.572,0.000 0.000 0.000,0.000 0.000 0.000
3.337095,-0.033771 1.062050 -0.007428,356.655 347.876 1.504,3.386 5.402 0.992,0.000 0.000 0.000,1.797 20.256 3.759,0.000 0.000 0.000,0.000 0.000 0.000,0.000 0.000 0.000,0.000 0.000 0.000,22.887 47.192 81.898,358.869 28.643 359.202,0.000 0.000 0.000,0.000 0.000 0.000,304.612 311.076 23.118,358.244 284.095 2.974,0.000 0.000 0.000,356.679 14.867 1.474,30.318 1.381 1.262,0.000 0.000 0.000,0.000 0.000 0.000,359.201 16.695 7.972,32.097 358.484 358.584,0.000 0.000 0.000,0.000 0.000 0.000
3.366399,-0.033771 1.062050 -0.007428,356.519 346.857 1.351,3.381 5.684 1.044,0.000 0.000 0.000,2.122 18.226 3.598,0.000 0.000 0.000,0.000 0.000 0.000,0.000 0.000 0.000,0.000 0.000 0.000,22.851 47.944 81.844,358.859 28.981 359.189,0.000 0.000 0.000,0.000 0.000 0.000,304.039 311.562 23.947,358.237 285.167 2.922,0.000 0.000 0.000,357.012 15.821 1.682,30.022 1.362 1.244,0.000 0.000 0.000,0.000 0.000 0.000,359.570 17.968 8.349,31.815 358.503 358.603,0.000 0.000 0.000,0.000 0.000 0.000
3.399702,-0.033771 1.052499 -0.007428,356.445 346.525 1.296,3.384 5.505 1.011,0.000 0.000 0.000,2.370 16.741 3.380,0.000 0.000 0.000,0.000 0.000 0.000,0.000 0.000 0.000,0.000 0.000 0.000,23.197 48.542 82.206,358.851 29.235 359.180,0.000 0.000 0.000,0.000 0.000 0.000,302.865 313.187 23.774,358.232 286.360 2.864,0.000 0.000 0.000,356.530 16.107 1.788,30.555 1.396 1.277,0.000 0.000 0.000,0.000 0.000 0.000,359.105 18.233 8.461,32.377 358.465 358.565,0.000 0.000 0.000,0.000 0.000 0.000
3.433076,-0.033771 1.042823 -0.007428,356.370 346.190 1.241,3.388 5.323 0.978,0.000 0.000 0.000,2.618 15.203 3.140,0.000 0.000 0.000,0.000 0.000 0.000,0.000 0.000 0.000,0.000 0.000 0.000,23.544 49.154 82.573,358.843 29.490 359.170,0.000 0.000 0.000,0.000 0.000 0.000,301.744 314.880 23.561,358.227 287.560 2.805,0.000 0.000 0.000,356.036 16.394 1.894,31.101 1.432 1.311,0.000 0.000 0.000,0.000 0.000 0.000,358.626 18.498 8.574,32.952 358.424 358.526,0.000 0.000 0.000,0.000 0.000 0.000
3.466415,-0.033771 1.034987 -0.007428,356.309 345.918 1.198,3.390 5.174 0.951,0.000 0.000 0.000,2.815 13.931 2.931,0.000 0.000 0.000,0.000 0.000 0.000,0.000 0.000 0.000,0.000 0.000 0.000,23.824 49.657 82.872,358.836 29.696 359.162,0.000 0.000 0.000,0.000 0.000 0.000,300.885 316.292 23.358,358.224 288.522 2.758,0.000 0.000 0.000,355.629 16.626 1.981,31.549 1.461 1.339,0.000 0.000 0.000,0.000 0.000 0.000,358.231 18.711 8.667,33.425 358.391 358.494,0.000 0.000 0.000,0.000 0.000 0.000
3.499844,-0.033771 1.034987 -0.007428,356.255 345.709 1.169,3.388 5.259 0.966,0.000 0.000 0.000,3.166 14.008 2.978,0.000 0.000 0.000,0.000 0.000 0.000,0.000 0.000 0.000,0.000 0.000 0.000,23.833 49.493 82.983,358.840 29.570 359.167,0.000 0.000 0.000,0.000 0.000 0.000,300.017 316.575 24.556,358.220 291.187 2.628,0.000 0.000 0.000,355.177 16.734 2.045,31.963 1.489 1.366,0.000 0.000 0.000,0.000 0.000 0.000,357.834 18.942 8.755,33.901 358.356 358.461,0.000 0.000 0.000,0.000 0.000 0.000
3.533107,-0.033771 1.034987 -0.007428,356.202 345.502 1.142,3.387 5.343 0.981,0.000 0.000 0.000,3.512 14.082 3.024,0.000 0.000 0.000,0.000 0.000 0.000,0.000 0.000 0.000,0.000 0.000 0.000,23.842 49.327 83.091,358.844 29.446 359.172,0.000 0.000 0.000,0.000 0.000 0.000,299.302 316.921 25.719,358.223 293.794 2.500,0.000 0.000 0.000,354.723 16.841 2.110,32.378 1.518 1.392,0.000 0.000 0.000,0.000 0.000 0.000,357.433 19.167 8.841,34.378 358.321 358.427,0.000 0.000 0.000,0.000 0.000 0.000
3.56641,-0.033771 1.034987 -0.007428,356.159 345.333 1.120,3.386 5.412 0.994,0.000 0.000 0.000,3.793 14.140 3.060,0.000 0.000 0.000,0.000 0.000 0.000,0.000 0.000 0.000,0.000 0.000 0.000,23.851 49.190 83.178,358.847 29.346 359.176,0.000 0.000 0.000,0.000 0.000 0.000,298.827 317.270 26.635,358.229 295.887 2.398,0.000 0.000 0.000,354.347 16.928 2.163,32.723 1.541 1.415,0.000 0.000 0.000,0.000 0.000 0.000,357.101 19.349 8.912,34.772 358.292 358.398,0.000 0.000 0.000,0.000 0.000 0.000
3.599879,-0.033771 1.034987 -0.007428,356.176 345.524 1.106,3.386 5.419 0.995,0.000 0.000 0.000,3.754 14.172 3.074,0.000 0.000 0.000,0.000 0.000 0.000,0.000 0.000 0.000,0.000 0.000 0.000,24.017 49.092 83.330,358.846 29.388 359.174,0.000 0.000 0.000,0.000 0.000 0.000,298.573 317.224 27.120,358.236 297.566 2.316,0.000 0.000 0.000,354.153 16.660 2.141,33.008 1.561 1.434,0.000 0.000 0.000,0.000 0.000 0.000,357.051 19.147 8.883,34.802 358.290 358.396,0.000 0.000 0.000,0.000 0.000 0.000
3.637678,-0.033771 1.034987 -0.007428,356.195 345.741 1.091,3.386 5.427 0.997,0.000 0.000 0.000,3.710 14.208 3.090,0.000 0.000 0.000,0.000 0.000 0.000,0.000 0.000 0.000,0.000 0.000 0.000,24.203 48.982 83.503,358.844 29.434 359.172,0.000 0.000 0.000,0.000 0.000 0.000,298.331 317.211 27.640,358.247 299.457 2.224,0.000 0.000 0.000,353.934 16.359 2.116,33.328 1.583 1.455,0.000 0.000 0.000,0.000 0.000 0.000,356.994 18.920 8.851,34.837 358.287 358.394,0.000 0.000 0.000,0.000 0.000 0.000
3.666431,-0.033771 1.034987 -0.007428,356.206 345.871 1.082,3.386 5.433 0.998,0.000 0.000 0.000,3.684 14.229 3.099,0.000 0.000 0.000,0.000 0.000 0.000,0.000 0.000 0.000,0.000 0.000 0.000,24.315 48.916 83.606,358.844 29.461 359.171,0.000 0.000 0.000,0.000 0.000 0.000,298.207 317.225 27.937,358.256 300.590 2.169,0.000 0.000 0.000,353.802 16.179 2.102,33.520 1.597 1.468,0.000 0.000 0.000,0.000 0.000 0.000,356.960 18.783 8.831,34.858 358.285 358.392,0.000 0.000 0.000,0.000 0.000 0.000
3.699828,-0.033771 1.034987 -0.007428,356.099 345.241 0.907,3.381 5.678 1.043,0.000 0.000 0.000,3.634 14.310 3.516,0.000 0.000 0.000,0.000 0.000 0.000,0.000 0.000 0.000,0.000 0.000 0.000,24.485 49.005 83.971,358.842 29.503 359.170,0.000 0.000 0.000,0.000 0.000 0.000,297.824 316.561 27.907,358.255 300.516 2.172,0.000 0.000 0.000,354.093 16.802 2.351,33.204 1.575 1.447,0.000 0.000 0.000,0.000 0.000 0.000,357.518 19.279 9.020,34.336 358.324 358.430,0.000 0.000 0.000,0.000 0.000 0.000
3.735838,-0.033771 1.034987 -0.007428,355.983 344.573 0.723,3.376 5.945 1.092,0.000 0.000 0.000,3.586 14.391 3.960,0.000 0.000 0.000,0.000 0.000 0.000,0.000 0.000 0.000,0.000 0.000 0.000,24.670 49.097 84.356,358.841 29.546 359.168,0.000 0.000 0.000,0.000 0.000 0.000,297.411 315.865 27.850,358.254 300.419 2.177,0.000 0.000 0.000,354.402 17.466 2.615,32.865 1.551 1.425,0.000 0.000 0.000,0.000 0.000 0.000,358.115 19.805 9.216,33.777 358.365 358.469,0.000 0.000 0.000,0.000 0.000 0.000
3.766404,-0.033771 1.034987 -0.007428,355.903 344.122 0.600,3.373 6.129 1.125,0.000 0.000 0.000,3.557 14.444 4.260,0.000 0.000 0.000,0.000 0.000 0.000,0.000 0.000 0.000,0.000 0.000 0.000,24.797 49.158 84.613,358.840 29.575 359.167,0.000 0.000 0.000,0.000 0.000 0.000,297.128 315.401 27.796,358.254 300.341 2.181,0.000 0.000 0.000,354.611 17.917 2.793,32.635 1.535 1.409,0.000 0.000 0.000,0.000 0.000 0.000,358.522 20.159 9.346,33.396 358.393 358.496,0.000 0.000 0.000,0.000 0.000 0.000
3.799832,-0.033771 1.044683 -0.007428,355.891 344.721 0.496,3.370 6.252 1.148,0.000 0.000 0.000,3.319 13.871 3.859,0.000 0.000 0.000,0.000 0.000 0.000,0.000 0.000 0.000,0.000 0.000 0.000,24.255 49.145 84.336,358.852 29.205 359.181,0.000 0.000 0.000,0.000 0.000 0.000,296.933 312.674 27.886,358.250 299.759 2.209,0.000 0.000 0.000,354.802 17.469 2.896,32.393 1.519 1.393,0.000 0.000 0.000,0.000 0.000 0.000,358.465 19.478 9.392,33.376 358.394 358.497,0.000 0.000 0.000,0.000 0.000 0.000
3.833175,-0.033771 1.054309 -0.007428,355.882 345.317 0.391,3.368 6.364 1.168,0.000 0.000 0.000,3.081 13.306 3.457,0.000 0.000 0.000,0.000 0.000 0.000,0.000 0.000 0.000,0.000 0.000 0.000,23.720 49.161 84.053,358.863 28.837 359.195,0.000 0.000 0.000,0.000 0.000 0.000,296.797 310.073 27.898,358.245 299.135 2.239,0.000 0.000 0.000,354.990 17.025 2.999,32.153 1.502 1.378,0.000 0.000 0.000,0.000 0.000 0.000,358.409 18.802 9.439,33.355 358.396 358.499,0.000 0.000 0.000,0.000 0.000 0.000
3.866389,-0.033771 1.062050 -0.007428,355.877 345.798 0.306,3.366 6.448 1.184,0.000 0.000 0.000,2.889 12.855 3.131,0.000 0.000 0.000,0.000 0.000 0.000,0.000 0.000 0.000,0.000 0.000 0.000,23.292 49.194 83.818,358.872 28.541 359.206,0.000 0.000 0.000,0.000 0.000 0.000,296.731 308.059 27.849,358.242 298.600 2.265,0.000 0.000 0.000,355.140 16.668 3.083,31.960 1.489 1.365,0.000 0.000 0.000,0.000 0.000 0.000,358.362 18.256 9.477,33.339 358.397 358.500,0.000 0.000 0.000,0.000 0.000 0.000
3.899856,-0.033771 1.062050 -0.007428,356.042 345.971 0.249,3.362 6.635 1.218,0.000 0.000 0.000,3.051 14.940 2.812,0.000 0.000 0.000,0.000 0.000 0.000,0.000 0.000 0.000,0.000 0.000 0.000,22.956 48.754 83.250,358.873 28.513 359.207,0.000 0.000 0.000,0.000 0.000 0.000,297.843 307.899 26.316,358.228 295.699 2.407,0.000 0.000 0.000,355.276 16.513 3.064,31.803 1.478 1.355,0.000 0.000 0.000,0.000 0.000 0.000,358.479 18.071 9.430,33.011 358.420 358.522,0.000 0.000 0.000,0.000 0.000 0.000
3.933014,-0.033771 1.062050 -0.007428,356.205 346.139 0.193,3.358 6.817 1.251,0.000 0.000 0.000,3.254 16.938 2.508,0.000 0.000 0.000,0.000 0.000 0.000,0.000 0.000 0.000,0.000 0.000 0.000,22.622 48.334 82.690,358.874 28.481 359.208,0.000 0.000 0.000,0.000 0.000 0.000,299.067 307.712 24.841,358.221 292.877 2.545,0.000 0.000 0.000,355.403 16.361 3.046,31.654 1.468 1.346,0.000 0.000 0.000,0.000 0.000 0.000,358.589 17.889 9.385,32.693 358.443 358.544,0.000 0.000 0.000,0.000 0.000 0.000
3.966338,-0.033771 1.062050 -0.007428,356.340 346.277 0.148,3.355 6.963 1.278,0.000 0.000 0.000,3.450 18.528 2.269,0.000 0.000 0.000,0.000 0.000 0.000,0.000 0.000 0.000,0.000 0.000 0.000,22.345 48.001 82.232,358.875 28.453 359.209,0.000 0.000 0.000,0.000 0.000 0.000,300.157 307.521 23.676,358.221 290.616 2.656,0.000 0.000 0.000,355.503 16.238 3.032,31.535 1.461 1.338,0.000 0.000 0.000,0.000 0.000 0.000,358.674 17.740 9.349,32.437 358.461 358.561,0.000 0.000 0.000,0.000 0.000 0.000
3.999649,-0.033771 1.062050 -0.007428,356.340 346.277 0.148,3.355 6.963 1.278,0.000 0.000 0.000,3.450 18.528 2.269,0.000 0.000 0.000,0.000 0.000 0.000,0.000 0.000 0.000,0.000 0.000 0.000,22.345 48.001 82.232,358.875 28.453 359.209,0.000 0.000 0.000,0.000 0.000 0.000,300.157 307.521 23.676,358.221 290.616 2.656,0.000 0.000 0.000,355.503 16.238 3.032,31.535 1.461 1.338,0.000 0.000 0.000,0.000 0.000 0.000,358.674 17.740 9.349,32.437 358.461 358.561,0.000 0.000 0.000,0.000 0.000 0.000
4.039,-0.033771 1.062050 -0.007428,356.491 346.678 0.029,3.367 6.406 1.176,0.000 0.000 0.000,3.712 20.160 3.012,0.000 0.000 0.000,0.000 0.000 0.000,0.000 0.000 0.000,0.000 0.000 0.000,22.766 48.733 81.991,358.856 29.059 359.186,0.000 0.000 0.000,0.000 0.000 0.000,302.621 308.080 22.299,358.227 287.677 2.799,0.000 0.000 0.000,355.311 15.797 3.081,31.726 1.473 1.350,0.000 0.000 0.000,0.000 0.000 0.000,358.410 17.104 9.272,32.591 358.450 358.551,0.000 0.000 0.000,0.000 0.000 0.000
4.066324,-0.033771 1.062050 -0.007428,356.712 347.247 359.859,3.382 5.615 1.031,0.000 0.000 0.000,4.032 22.460 4.094,0.000 0.000 0.000,0.000 0.000 0.000,0.000 0.000 0.000,0.000 0.000 0.000,23.383 49.739 81.637,358.829 29.944 359.153,0.000 0.000 0.000,0.000 0.000 0.000,306.347 308.616 20.605,358.247 283.594 2.998,0.000 0.000 0.000,355.034 15.171 3.155,31.997 1.492 1.368,0.000 0.000 0.000,0.000 0.000 0.000,358.031 16.209 9.174,32.808 358.435 358.536,0.000 0.000 0.000,0.000 0.000 0.000
4.099813,-0.033771 1.062050 -0.007428,356.636 346.931 359.720,3.377 5.910 1.085,0.000 0.000 0.000,4.054 21.870 4.298,0.000 0.000 0.000,0.000 0.000 0.000,0.000 0.000 0.000,0.000 0.000 0.000,23.850 49.281 81.595,358.808 30.624 359.127,0.000 0.000 0.000,0.000 0.000 0.000,306.246 309.279 20.605,358.249 283.320 3.012,0.000 0.000 0.000,355.060 15.228 3.291,31.987 1.491 1.367,0.000 0.000 0.000,0.000 0.000 0.000,358.244 16.565 9.358,32.636 358.447 358.548,0.000 0.000 0.000,0.000 0.000 0.000
4.133018,-0.033771 1.062050 -0.007428,356.560 346.619 359.584,3.371 6.199 1.138,0.000 0.000 0.000,4.082 21.282 4.499,0.000 0.000 0.000,0.000 0.000 0.000,0.000 0.000 0.000,0.000 0.000 0.000,24.309 48.846 81.553,358.788 31.291 359.102,0.000 0.000 0.000,0.000 0.000 0.000,306.149 309.916 20.608,358.251 283.059 3.024,0.000 0.000 0.000,355.086 15.283 3.424,31.979 1.490 1.367,0.000 0.000 0.000,0.000 0.000 0.000,358.454 16.916 9.540,32.466 358.459 358.559,0.000 0.000 0.000,0.000 0.000 0.000
4.166471,-0.033771 1.062050 -0.007428,356.496 346.364 359.474,3.366 6.435 1.181,0.000 0.000 0.000,4.110 20.796 4.662,0.000 0.000 0.000,0.000 0.000 0.000,0.000 0.000 0.000,0.000 0.000 0.000,24.684 48.502 81.518,358.771 31.835 359.081,0.000 0.000 0.000,0.000 0.000 0.000,306.073 310.425 20.613,358.252 282.853 3.034,0.000 0.000 0.000,355.109 15.327 3.533,31.972 1.490 1.366,0.000 0.000 0.000,0.000 0.000 0.000,358.626 17.204 9.689,32.327 358.468 358.569,0.000 0.000 0.000,0.000 0.000 0.000
4.199888,-0.033771 1.052459 -0.007428,356.354 346.235 359.491,3.373 6.129 1.125,0.000 0.000 0.000,4.117 19.734 4.344,0.000 0.000 0.000,0.000 0.000 0.000,0.000 0.000 0.000,0.000 0.000 0.000,24.694 48.962 82.088,358.777 31.634 359.088,0.000 0.000 0.000,0.000 0.000 0.000,303.855 310.103 21.923,358.233 286.115 2.876,0.000 0.000 0.000,354.857 15.579 3.579,32.233 1.508 1.383,0.000 0.000 0.000,0.000 0.000 0.000,358.521 17.308 9.751,32.534 358.454 358.555,0.000 0.000 0.000,0.000 0.000 0.000
4.23313,-0.033771 1.042867 -0.007428,356.214 346.105 359.508,3.378 5.824 1.069,0.000 0.000 0.000,4.115 18.630 4.020,0.000 0.000 0.000,0.000 0.000 0.000,0.000 0.000 0.000,0.000 0.000 0.000,24.705 49.424 82.651,358.783 31.433 359.096,0.000 0.000 0.000,0.000 0.000 0.000,301.696 309.600 23.405,358.222 289.437 2.713,0.000 0.000 0.000,354.598 15.829 3.625,32.499 1.526 1.400,0.000 0.000 0.000,0.000 0.000 0.000,358.409 17.413 9.814,32.744 358.439 358.541,0.000 0.000 0.000,0.000 0.000 0.000
4.266334,-0.033771 1.042867 -0.007428,356.100 345.998 359.522,3.383 5.574 1.024,0.000 0.000 0.000,4.106 17.695 3.750,0.000 0.000 0.000,0.000 0.000 0.000,0.000 0.000 0.000,0.000 0.000 0.000,24.714 49.803 83.107,358.788 31.268 359.102,0.000 0.000 0.000,0.000 0.000 0.000,299.983 309.040 24.762,358.221 292.168 2.579,0.000 0.000 0.000,354.382 16.033 3.661,32.720 1.541 1.415,0.000 0.000 0.000,0.000 0.000 0.000,358.314 17.499 9.866,32.919 358.427 358.529,0.000 0.000 0.000,0.000 0.000 0.000
4.299828,-0.033771 1.034987 -0.007428,356.100 345.998 359.522,3.383 5.574 1.024,0.000 0.000 0.000,4.106 17.695 3.750,0.000 0.000 0.000,0.000 0.000 0.000,0.000 0.000 0.000,0.000 0.000 0.000,24.714 49.803 83.106,358.788 31.268 359.102,0.000 0.000 0.000,0.000 0.000 0.000,299.983 309.040 24.762,358.221 292.168 2.579,0.000 0.000 0.000,354.382 16.033 3.661,32.720 1.541 1.415,0.000 0.000 0.000,0.000 0.000 0.000,358.314 17.499 9.866,32.919 358.427 358.529,0.000 0.000 0.000,0.000 0.000 0.000
4.332979,-0.033771 1.034987 -0.007428,356.004 346.379 359.637,3.378 5.854 1.075,0.000 0.000 0.000,4.084 16.356 3.290,0.000 0.000 0.000,0.000 0.000 0.000,0.000 0.000 0.000,0.000 0.000 0.000,24.526 49.663 83.555,358.810 30.549 359.130,0.000 0.000 0.000,0.000 0.000 0.000,298.304 309.797 24.844,358.226 295.155 2.433,0.000 0.000 0.000,354.474 15.996 3.648,32.729 1.542 1.416,0.000 0.000 0.000,0.000 0.000 0.000,358.397 17.324 9.834,32.861 358.431 358.533,0.000 0.000 0.000,0.000 0.000 0.000
4.366457,-0.033771 1.034987 -0.007428,355.905 346.775 359.753,3.372 6.142 1.128,0.000 0.000 0.000,4.051 14.958 2.814,0.000 0.000 0.000,0.000 0.000 0.000,0.000 0.000 0.000,0.000 0.000 0.000,24.333 49.529 84.013,358.833 29.815 359.158,0.000 0.000 0.000,0.000 0.000 0.000,296.760 310.870 24.749,358.240 298.193 2.285,0.000 0.000 0.000,354.566 15.955 3.637,32.741 1.542 1.416,0.000 0.000 0.000,0.000 0.000 0.000,358.479 17.140 9.803,32.803 358.435 358.537,0.000 0.000 0.000,0.000 0.000 0.000
4.39965,-0.033771 1.034987 -0.007428,355.815 347.136 359.857,3.367 6.401 1.175,0.000 0.000 0.000,4.011 13.681 2.383,0.000 0.000 0.000,0.000 0.000 0.000,0.000 0.000 0.000,0.000 0.000 0.000,24.160 49.418 84.424,358.853 29.159 359.183,0.000 0.000 0.000,0.000 0.000 0.000,295.559 312.152 24.451,358.258 300.860 2.156,0.000 0.000 0.000,354.647 15.916 3.630,32.752 1.543 1.417,0.000 0.000 0.000,0.000 0.000 0.000,358.552 16.972 9.776,32.751 358.439 358.540,0.000 0.000 0.000,0.000 0.000 0.000
4.432987,-0.033771 1.034987 -0.007428,355.751 347.386 359.876,3.363 6.619 1.215,0.000 0.000 0.000,4.085 13.074 2.351,0.000 0.000 0.000,0.000 0.000 0.000,0.000 0.000 0.000,0.000 0.000 0.000,24.256 48.881 84.383,358.854 29.125 359.184,0.000 0.000 0.000,0.000 0.000 0.000,296.312 314.899 24.081,358.261 301.263 2.136,0.000 0.000 0.000,354.585 15.519 3.597,32.842 1.549 1.423,0.000 0.000 0.000,0.000 0.000 0.000,358.182 16.793 9.788,33.278 358.401 358.504,0.000 0.000 0.000,0.000 0.000 0.000
4.466317,-0.033771 1.034987 -0.007428,355.686 347.639 359.894,3.358 6.841 1.256,0.000 0.000 0.000,4.160 12.459 2.317,0.000 0.000 0.000,0.000 0.000 0.000,0.000 0.000 0.000,0.000 0.000 0.000,24.354 48.335 84.342,358.855 29.091 359.185,0.000 0.000 0.000,0.000 0.000 0.000,297.154 317.810 23.632,358.264 301.577 2.121,0.000 0.000 0.000,354.521 15.118 3.565,32.933 1.556 1.429,0.000 0.000 0.000,0.000 0.000 0.000,357.811 16.609 9.798,33.809 358.363 358.467,0.000 0.000 0.000,0.000 0.000 0.000
4.499642,-0.033771 1.034987 -0.007428,355.625 347.881 359.911,3.353 7.054 1.294,0.000 0.000 0.000,4.230 11.871 2.284,0.000 0.000 0.000,0.000 0.000 0.000,0.000 0.000 0.000,0.000 0.000 0.000,24.446 47.813 84.301,358.856 29.059 359.186,0.000 0.000 0.000,0.000 0.000 0.000,298.026 320.686 23.148,358.266 301.786 2.111,0.000 0.000 0.000,354.460 14.736 3.533,33.020 1.562 1.435,0.000 0.000 0.000,0.000 0.000 0.000,357.459 16.430 9.806,34.313 358.326 358.431,0.000 0.000 0.000,0.000 0.000 0.000
4.532995,-0.033771 1.034987 -0.007428,355.511 347.604 359.802,3.352 7.080 1.299,0.000 0.000 0.000,4.212 11.667 2.515,0.000 0.000 0.000,0.000 0.000 0.000,0.000 0.000 0.000,0.000 0.000 0.000,24.983 47.494 84.414,358.837 29.674 359.163,0.000 0.000 0.000,0.000 0.000 0.000,298.279 325.146 19.886,358.248 299.513 2.221,0.000 0.000 0.000,354.403 14.919 3.696,33.142 1.570 1.443,0.000 0.000 0.000,0.000 0.000 0.000,357.524 16.627 9.946,34.421 358.318 358.424,0.000 0.000 0.000,0.000 0.000 0.000
4.566396,-0.033771 1.034987 -0.007428,355.395 347.325 359.692,3.352 7.105 1.304,0.000 0.000 0.000,4.198 11.460 2.749,0.000 0.000 0.000,0.000 0.000 0.000,0.000 0.000 0.000,0.000 0.000 0.000,25.526 47.198 84.525,358.818 30.294 359.140,0.000 0.000 0.000,0.000 0.000 0.000,298.601 329.540 16.679,358.234 297.212 2.333,0.000 0.000 0.000,354.346 15.104 3.861,33.266 1.579 1.451,0.000 0.000 0.000,0.000 0.000 0.000,357.590 16.826 10.088,34.530 358.310 358.416,0.000 0.000 0.000,0.000 0.000 0.000
4.599673,-0.033771 1.034987 -0.007428,355.284 347.062 359.590,3.351 7.125 1.307,0.000 0.000 0.000,4.189 11.263 2.970,0.000 0.000 0.000,0.000 0.000 0.000,0.000 0.000 0.000,0.000 0.000 0.000,26.039 46.942 84.628,358.800 30.877 359.118,0.000 0.000 0.000,0.000 0.000 0.000,298.965 333.583 13.740,358.226 295.036 2.439,0.000 0.000 0.000,354.292 15.278 4.017,33.383 1.587 1.459,0.000 0.000 0.000,0.000 0.000 0.000,357.653 17.014 10.221,34.633 358.302 358.408,0.000 0.000 0.000,0.000 0.000 0.000
4.633172,-0.030890 1.034987 -0.007428,355.396 346.763 359.590,3.357 6.903 1.267,0.000 0.000 0.000,4.482 11.448 2.940,0.000 0.000 0.000,0.000 0.000 0.000,0.000 0.000 0.000,0.000 0.000 0.000,26.131 45.541 84.297,358.790 31.200 359.105,0.000 0.000 0.000,0.000 0.000 0.000,298.874 337.174 10.777,358.222 293.613 2.509,0.000 0.000 0.000,354.044 15.168 3.820,33.648 1.606 1.477,0.000 0.000 0.000,0.000 0.000 0.000,357.530 17.230 10.187,34.733 358.295 358.401,0.000 0.000 0.000,0.000 0.000 0.000
4.666427,-0.028083 1.034987 -0.007428,355.508 346.468 359.588,3.361 6.688 1.228,0.000 0.000 0.000,4.771 11.616 2.904,0.000 0.000 0.000,0.000 0.000 0.000,0.000 0.000 0.000,0.000 0.000 0.000,26.226 44.190 83.975,358.780 31.549 359.092,0.000 0.000 0.000,0.000 0.000 0.000,298.866 340.741 7.817,358.221 292.204 2.578,0.000 0.000 0.000,353.795 15.067 3.628,33.911 1.625 1.495,0.000 0.000 0.000,0.000 0.000 0.000,357.408 17.445 10.154,34.830 358.287 358.394,0.000 0.000 0.000,0.000 0.000 0.000
4.699644,-0.025434 1.034987 -0.007428,355.614 346.186 359.586,3.365 6.487 1.191,0.000 0.000 0.000,5.045 11.764 2.864,0.000 0.000 0.000,0.000 0.000 0.000,0.000 0.000 0.000,0.000 0.000 0.000,26.321 42.934 83.673,358.769 31.906 359.078,0.000 0.000 0.000,0.000 0.000 0.000,298.934 344.140 4.985,358.221 290.860 2.644,0.000 0.000 0.000,353.555 14.977 3.449,34.163 1.643 1.513,0.000 0.000 0.000,0.000 0.000 0.000,357.291 17.650 10.123,34.924 358.280 358.387,0.000 0.000 0.000,0.000 0.000 0.000
4.733178,-0.025434 1.034987 -0.007428,355.800 345.782 359.659,3.371 6.190 1.137,0.000 0.000 0.000,5.510 12.577 2.758,0.000 0.000 0.000,0.000 0.000 0.000,0.000 0.000 0.000,0.000 0.000 0.000,25.845 41.664 83.167,358.786 31.335 359.100,0.000 0.000 0.000,0.000 0.000 0.000,298.996 351.631 358.423,358.225 288.097 2.779,0.000 0.000 0.000,353.741 14.851 2.938,33.964 1.629 1.499,0.000 0.000 0.000,0.000 0.000 0.000,357.373 17.870 9.931,34.726 358.295 358.402,0.000 0.000 0.000,0.000 0.000 0.000
4.766438,-0.025434 1.034987 -0.007428,355.984 345.379 359.728,3.377 5.902 1.084,0.000 0.000 0.000,5.965 13.381 2.656,0.000 0.000 0.000,0.000 0.000 0.000,0.000 0.000 0.000,0.000 0.000 0.000,25.364 40.359 82.670,358.802 30.807 359.120,0.000 0.000 0.000,0.000 0.000 0.000,299.446 358.918 352.029,358.236 285.373 2.912,0.000 0.000 0.000,353.917 14.718 2.429,33.771 1.615 1.486,0.000 0.000 0.000,0.000 0.000 0.000,357.453 18.088 9.741,34.531 358.310 358.416,0.000 0.000 0.000,0.000 0.000 0.000
4.799638,-0.025434 1.034987 -0.007428,356.162 344.990 359.792,3.382 5.632 1.034,0.000 0.000 0.000,6.397 14.150 2.560,0.000 0.000 0.000,0.000 0.000 0.000,0.000 0.000 0.000,0.000 0.000 0.000,24.894 39.066 82.199,358.817 30.337 359.138,0.000 0.000 0.000,0.000 0.000 0.000,300.220 5.596 346.182,358.253 282.794 3.037,0.000 0.000 0.000,354.078 14.582 1.938,33.588 1.602 1.473,0.000 0.000 0.000,0.000 0.000 0.000,357.529 18.296 9.559,34.344 358.324 358.429,0.000 0.000 0.000,0.000 0.000 0.000
4.832977,-0.025434 1.034987 -0.007428,356.383 344.435 359.815,3.375 6.007 1.103,0.000 0.000 0.000,6.554 12.133 1.863,0.000 0.000 0.000,0.000 0.000 0.000,0.000 0.000 0.000,0.000 0.000 0.000,24.916 38.133 82.203,358.801 30.852 359.118,0.000 0.000 0.000,0.000 0.000 0.000,302.153 15.734 336.007,358.279 279.746 3.184,0.000 0.000 0.000,354.055 14.602 1.625,33.506 1.596 1.467,0.000 0.000 0.000,0.000 0.000 0.000,357.310 18.446 9.340,34.481 358.314 358.419,0.000 0.000 0.000,0.000 0.000 0.000
4.86646,-0.025434 1.034987 -0.007428,356.612 343.868 359.835,3.368 6.387 1.172,0.000 0.000 0.000,6.680 10.046 1.136,0.000 0.000 0.000,0.000 0.000 0.000,0.000 0.000 0.000,0.000 0.000 0.000,24.946 37.218 82.217,358.785 31.389 359.098,0.000 0.000 0.000,0.000 0.000 0.000,304.981 24.618 327.048,358.312 276.833 3.323,0.000 0.000 0.000,354.026 14.611 1.300,33.424 1.590 1.462,0.000 0.000 0.000,0.000 0.000 0.000,357.080 18.598 9.117,34.626 358.303 358.409,0.000 0.000 0.000,0.000 0.000 0.000
4.899574,-0.025434 1.034987 -0.007428,356.828 343.339 359.850,3.360 6.738 1.237,0.000 0.000 0.000,6.765 8.087 0.447,0.000 0.000 0.000,0.000 0.000 0.000,0.000 0.000 0.000,0.000 0.000 0.000,24.981 36.401 82.238,358.770 31.899 359.078,0.000 0.000 0.000,0.000 0.000 0.000,308.132 31.427 320.136,358.344 274.398 3.438,0.000 0.000 0.000,353.993 14.609 0.993,33.351 1.585 1.457,0.000 0.000 0.000,0.000 0.000 0.000,356.860 18.738 8.909,34.765 358.292 358.399,0.000 0.000 0.000,0.000 0.000 0.000
4.933099,-0.025434 1.030405 -0.007428,357.003 342.701 359.837,3.363 6.585 1.209,0.000 0.000 0.000,6.898 8.037 0.939,0.000 0.000 0.000,0.000 0.000 0.000,0.000 0.000 0.000,0.000 0.000 0.000,25.134 37.387 82.550,358.734 33.105 359.031,0.000 0.000 0.000,0.000 0.000 0.000,313.295 37.512 315.708,358.384 271.812 3.558,0.000 0.000 0.000,353.148 15.053 1.040,33.873 1.622 1.492,0.000 0.000 0.000,0.000 0.000 0.000,355.786 18.964 8.814,35.788 358.214 358.323,0.000 0.000 0.000,0.000 0.000 0.000
4.966478,-0.025434 1.025652 -0.007428,357.190 342.044 359.820,3.367 6.419 1.178,0.000 0.000 0.000,7.050 7.989 1.447,0.000 0.000 0.000,0.000 0.000 0.000,0.000 0.000 0.000,0.000 0.000 0.000,25.292 38.419 82.877,358.699 34.375 358.980,0.000 0.000 0.000,0.000 0.000 0.000,318.921 42.403 312.287,358.418 269.851 3.648,0.000 0.000 0.000,352.256 15.510 1.091,34.423 1.662 1.531,0.000 0.000 0.000,0.000 0.000 0.000,354.647 19.204 8.724,36.871 358.129 358.240,0.000 0.000 0.000,0.000 0.000 0.000
4.99957,-0.025434 1.021455 -0.007428,357.360 341.461 359.804,3.370 6.264 1.150,0.000 0.000 0.000,7.198 7.952 1.897,0.000 0.000 0.000,0.000 0.000 0.000,0.000 0.000 0.000,0.000 0.000 0.000,25.433 39.348 83.174,358.667 35.523 358.934,0.000 0.000 0.000,0.000 0.000 0.000,324.003 45.749 309.980,358.435 268.910 3.691,0.000 0.000 0.000,351.446 15.913 1.139,34.921 1.699 1.566,0.000 0.000 0.000,0.000 0.000 0.000,353.609 19.424 8.651,37.854 358.048 358.162,0.000 0.000 0.000,0.000 0.000 0.000
5.032892,-0.028248 1.026022 -0.007428,357.602 340.766 359.682,3.377 5.918 1.087,0.000 0.000 0.000,7.668 8.955 2.680,0.000 0.000 0.000,0.000 0.000 0.000,0.000 0.000 0.000,0.000 0.000 0.000,25.141 40.122 83.388,358.662 35.717 358.926,0.000 0.000 0.000,0.000 0.000 0.000,330.547 46.163 310.151,358.377 272.257 3.537,0.000 0.000 0.000,350.439 16.926 1.626,35.336 1.730 1.595,0.000 0.000 0.000,0.000 0.000 0.000,352.498 19.773 8.645,38.636 357.982 358.098,0.000 0.000 0.000,0.000 0.000 0.000
5.066469,-0.031149 1.030730 -0.007428,357.853 340.069 359.552,3.383 5.552 1.020,0.000 0.000 0.000,8.151 9.974 3.486,0.000 0.000 0.000,0.000 0.000 0.000,0.000 0.000 0.000,0.000 0.000 0.000,24.839 40.909 83.612,358.657 35.918 358.918,0.000 0.000 0.000,0.000 0.000 0.000,338.462 45.038 310.420,358.285 279.156 3.212,0.000 0.000 0.000,349.394 17.932 2.113,35.760 1.762 1.626,0.000 0.000 0.000,0.000 0.000 0.000,351.356 20.122 8.645,39.435 357.913 358.031,0.000 0.000 0.000,0.000 0.000 0.000
5.099828,-0.033771 1.034987 -0.007428,358.086 339.446 359.429,3.389 5.208 0.957,0.000 0.000 0.000,8.593 10.893 4.221,0.000 0.000 0.000,0.000 0.000 0.000,0.000 0.000 0.000,0.000 0.000 0.000,24.560 41.620 83.820,358.652 36.104 358.910,0.000 0.000 0.000,0.000 0.000 0.000,346.749 42.502 310.274,358.223 288.946 2.737,0.000 0.000 0.000,348.431 18.823 2.546,36.146 1.791 1.655,0.000 0.000 0.000,0.000 0.000 0.000,350.312 20.434 8.651,40.160 357.848 357.968,0.000 0.000 0.000,0.000 0.000 0.000
5.133117,-0.033771 1.034987 -0.007428,358.111 339.112 359.195,3.394 4.926 0.905,0.000 0.000 0.000,8.693 9.495 3.108,0.000 0.000 0.000,0.000 0.000 0.000,0.000 0.000 0.000,0.000 0.000 0.000,23.981 42.827 84.011,358.660 35.781 358.923,0.000 0.000 0.000,0.000 0.000 0.000,356.751 34.509 309.304,358.290 304.247 1.993,0.000 0.000 0.000,347.519 19.737 3.247,36.586 1.826 1.688,0.000 0.000 0.000,0.000 0.000 0.000,349.786 20.766 8.972,40.685 357.800 357.921,0.000 0.000 0.000,0.000 0.000 0.000
5.166483,-0.033771 1.034987 -0.007428,358.135 338.782 358.957,3.398 4.636 0.852,0.000 0.000 0.000,8.731 8.093 1.979,0.000 0.000 0.000,0.000 0.000 0.000,0.000 0.000 0.000,0.000 0.000 0.000,23.391 44.047 84.194,358.669 35.455 358.937,0.000 0.000 0.000,0.000 0.000 0.000,7.481 23.587 306.080,358.538 319.015 1.315,0.000 0.000 0.000,346.584 20.625 3.942,37.032 1.861 1.722,0.000 0.000 0.000,0.000 0.000 0.000,349.251 21.087 9.296,41.218 357.750 357.872,0.000 0.000 0.000,0.000 0.000 0.000
5.199623,-0.033771 1.034987 -0.007428,358.156 338.469 358.727,3.402 4.353 0.800,0.000 0.000 0.000,8.707 6.759 0.890,0.000 0.000 0.000,0.000 0.000 0.000,0.000 0.000 0.000,0.000 0.000 0.000,22.818 45.224 84.361,358.678 35.140 358.949,0.000 0.000 0.000,0.000 0.000 0.000,16.043 11.858 300.499,358.790 328.651 0.917,0.000 0.000 0.000,345.670 21.448 4.598,37.464 1.896 1.755,0.000 0.000 0.000,0.000 0.000 0.000,348.735 21.383 9.610,41.734 357.701 357.825,0.000 0.000 0.000,0.000 0.000 0.000
5.233048,-0.033771 1.039645 -0.007428,358.193 338.447 358.485,3.405 4.160 0.765,0.000 0.000 0.000,8.453 6.786 0.605,0.000 0.000 0.000,0.000 0.000 0.000,0.000 0.000 0.000,0.000 0.000 0.000,22.342 46.432 84.279,358.689 34.713 358.967,0.000 0.000 0.000,0.000 0.000 0.000,19.161 5.052 296.235,358.925 332.995 0.752,0.000 0.000 0.000,345.539 21.797 4.927,37.159 1.871 1.731,0.000 0.000 0.000,0.000 0.000 0.000,348.746 21.512 9.831,41.430 357.730 357.853,0.000 0.000 0.000,0.000 0.000 0.000
5.266422,-0.033771 1.044212 -0.007428,358.230 338.427 358.247,3.408 3.967 0.729,0.000 0.000 0.000,8.199 6.812 0.326,0.000 0.000 0.000,0.000 0.000 0.000,0.000 0.000 0.000,0.000 0.000 0.000,21.881 47.639 84.188,358.701 34.302 358.983,0.000 0.000 0.000,0.000 0.000 0.000,21.169 358.847 292.097,359.036 336.305 0.634,0.000 0.000 0.000,345.404 22.139 5.247,36.864 1.848 1.709,0.000 0.000 0.000,0.000 0.000 0.000,348.753 21.638 10.048,41.136 357.758 357.880,0.000 0.000 0.000,0.000 0.000 0.000
5.299705,-0.033771 1.048518 -0.007428,358.263 338.407 358.022,3.410 3.783 0.695,0.000 0.000 0.000,7.956 6.839 0.063,0.000 0.000 0.000,0.000 0.000 0.000,0.000 0.000 0.000,0.000 0.000 0.000,21.453 48.793 84.094,358.711 33.922 358.998,0.000 0.000 0.000,0.000 0.000 0.000,22.254 353.663 288.461,359.124 338.784 0.550,0.000 0.000 0.000,345.272 22.461 5.545,36.592 1.826 1.688,0.000 0.000 0.000,0.000 0.000 0.000,348.756 21.757 10.253,40.861 357.784 357.905,0.000 0.000 0.000,0.000 0.000 0.000
5.332878,-0.033771 1.048518 -0.007428,358.365 339.009 358.006,3.406 4.098 0.753,0.000 0.000 0.000,7.343 9.086 1.213,0.000 0.000 0.000,0.000 0.000 0.000,0.000 0.000 0.000,0.000 0.000 0.000,21.197 48.635 83.722,358.711 33.949 358.997,0.000 0.000 0.000,0.000 0.000 0.000,21.304 351.795 286.473,359.172 340.119 0.506,0.000 0.000 0.000,345.592 22.178 5.466,35.933 1.775 1.639,0.000 0.000 0.000,0.000 0.000 0.000,348.641 21.287 10.277,40.904 357.780 357.901,0.000 0.000 0.000,0.000 0.000 0.000
5.366513,-0.033771 1.048518 -0.007428,358.472 339.634 357.991,3.401 4.434 0.815,0.000 0.000 0.000,6.626 11.358 2.322,0.000 0.000 0.000,0.000 0.000 0.000,0.000 0.000 0.000,0.000 0.000 0.000,20.945 48.451 83.326,358.710 33.985 358.996,0.000 0.000 0.000,0.000 0.000 0.000,20.254 350.027 284.524,359.223 341.493 0.462,0.000 0.000 0.000,345.915 21.884 5.386,35.260 1.724 1.590,0.000 0.000 0.000,0.000 0.000 0.000,348.521 20.797 10.300,40.949 357.776 357.897,0.000 0.000 0.000,0.000 0.000 0.000
5.399697,-0.033771 1.048519 -0.007428,358.575 340.224 357.979,3.397 4.758 0.874,0.000 0.000 0.000,5.886 13.424 3.278,0.000 0.000 0.000,0.000 0.000 0.000,0.000 0.000 0.000,0.000 0.000 0.000,20.720 48.259 82.943,358.708 34.025 358.994,0.000 0.000 0.000,0.000 0.000 0.000,19.222 348.525 282.791,359.272 342.772 0.422,0.000 0.000 0.000,346.211 21.608 5.312,34.638 1.678 1.546,0.000 0.000 0.000,0.000 0.000 0.000,348.407 20.333 10.320,40.991 357.772 357.893,0.000 0.000 0.000,0.000 0.000 0.000
5.432887,-0.033771 1.052950 -0.007428,358.666 340.582 357.887,3.394 4.906 0.901,0.000 0.000 0.000,5.676 15.187 4.060,0.000 0.000 0.000,0.000 0.000 0.000,0.000 0.000 0.000,0.000 0.000 0.000,20.675 47.343 83.006,358.709 33.989 358.996,0.000 0.000 0.000,0.000 0.000 0.000,18.313 348.647 283.005,359.280 342.977 0.416,0.000 0.000 0.000,346.744 21.503 5.411,34.038 1.634 1.504,0.000 0.000 0.000,0.000 0.000 0.000,348.488 19.919 10.396,40.816 357.788 357.909,0.000 0.000 0.000,0.000 0.000 0.000
5.466571,-0.033771 1.057550 -0.007428,358.762 340.953 357.791,3.392 5.051 0.928,0.000 0.000 0.000,5.415 16.996 4.852,0.000 0.000 0.000,0.000 0.000 0.000,0.000 0.000 0.000,0.000 0.000 0.000,20.627 46.404 83.071,358.710 33.952 358.997,0.000 0.000 0.000,0.000 0.000 0.000,17.355 348.791 283.211,359.288 343.195 0.409,0.000 0.000 0.000,347.289 21.399 5.516,33.422 1.590 1.462,0.000 0.000 0.000,0.000 0.000 0.000,348.568 19.489 10.476,40.636 357.805 357.925,0.000 0.000 0.000,0.000 0.000 0.000
5.499711,-0.033771 1.062050 -0.007428,358.860 341.319 357.697,3.390 5.184 0.952,0.000 0.000 0.000,5.116 18.759 5.616,0.000 0.000 0.000,0.000 0.000 0.000,0.000 0.000 0.000,0.000 0.000 0.000,20.578 45.486 83.135,358.711 33.918 358.999,0.000 0.000 0.000,0.000 0.000 0.000,16.392 348.954 283.397,359.297 343.415 0.402,0.000 0.000 0.000,347.821 21.302 5.623,32.816 1.548 1.421,0.000 0.000 0.000,0.000 0.000 0.000,348.645 19.063 10.554,40.460 357.821 357.941,0.000 0.000 0.000,0.000 0.000 0.000
5.533067,-0.033771 1.057620 -0.007428,358.855 341.908 357.798,3.391 5.092 0.935,0.000 0.000 0.000,5.068 18.640 5.606,0.000 0.000 0.000,0.000 0.000 0.000,0.000 0.000 0.000,0.000 0.000 0.000,20.397 45.122 82.999,358.715 33.777 359.004,0.000 0.000 0.000,0.000 0.000 0.000,16.819 348.491 283.923,359.252 342.247 0.438,0.000 0.000 0.000,347.758 20.865 5.518,33.000 1.560 1.433,0.000 0.000 0.000,0.000 0.000 0.000,348.549 18.600 10.479,40.436 357.823 357.943,0.000 0.000 0.000,0.000 0.000 0.000
5.566528,-0.033771 1.053179 -0.007428,358.850 342.501 357.899,3.393 4.996 0.918,0.000 0.000 0.000,5.020 18.522 5.596,0.000 0.000 0.000,0.000 0.000 0.000,0.000 0.000 0.000,0.000 0.000 0.000,20.215 44.760 82.860,358.719 33.633 359.010,0.000 0.000 0.000,0.000 0.000 0.000,17.239 348.072 284.464,359.207 341.064 0.475,0.000 0.000 0.000,347.694 20.424 5.412,33.183 1.573 1.446,0.000 0.000 0.000,0.000 0.000 0.000,348.452 18.134 10.403,40.412 357.825 357.945,0.000 0.000 0.000,0.000 0.000 0.000
5.599672,-0.033771 1.048518 -0.007428,358.843 343.124 358.005,3.394 4.894 0.899,0.000 0.000 0.000,4.971 18.397 5.585,0.000 0.000 0.000,0.000 0.000 0.000,0.000 0.000 0.000,0.000 0.000 0.000,20.023 44.384 82.715,358.724 33.482 359.016,0.000 0.000 0.000,0.000 0.000 0.000,17.667 347.678 285.042,359.161 339.815 0.516,0.000 0.000 0.000,347.628 19.959 5.300,33.375 1.587 1.459,0.000 0.000 0.000,0.000 0.000 0.000,348.350 17.645 10.322,40.387 357.827 357.947,0.000 0.000 0.000,0.000 0.000 0.000
5.632938,-0.033771 1.048518 -0.007428,358.800 343.160 358.029,3.394 4.928 0.905,0.000 0.000 0.000,5.010 18.334 5.554,0.000 0.000 0.000,0.000 0.000 0.000,0.000 0.000 0.000,0.000 0.000 0.000,20.092 44.270 82.748,358.721 33.590 359.012,0.000 0.000 0.000,0.000 0.000 0.000,17.546 348.015 285.175,359.162 339.847 0.515,0.000 0.000 0.000,347.619 19.925 5.296,33.449 1.592 1.464,0.000 0.000 0.000,0.000 0.000 0.000,348.413 17.662 10.317,40.355 357.830 357.950,0.000 0.000 0.000,0.000 0.000 0.000
5.666538,-0.033771 1.048518 -0.007428,358.756 343.196 358.054,3.393 4.962 0.912,0.000 0.000 0.000,5.050 18.269 5.522,0.000 0.000 0.000,0.000 0.000 0.000,0.000 0.000 0.000,0.000 0.000 0.000,20.163 44.154 82.781,358.718 33.701 359.007,0.000 0.000 0.000,0.000 0.000 0.000,17.419 348.370 285.313,359.164 339.878 0.514,0.000 0.000 0.000,347.610 19.891 5.292,33.525 1.597 1.469,0.000 0.000 0.000,0.000 0.000 0.000,348.477 17.681 10.312,40.322 357.833 357.953,0.000 0.000 0.000,0.000 0.000 0.000
5.699586,-0.033771 1.048518 -0.007428,358.710 343.234 358.080,3.393 4.998 0.918,0.000 0.000 0.000,5.091 18.202 5.489,0.000 0.000 0.000,0.000 0.000 0.000,0.000 0.000 0.000,0.000 0.000 0.000,20.236 44.035 82.815,358.714 33.815 359.003,0.000 0.000 0.000,0.000 0.000 0.000,17.285 348.745 285.457,359.165 339.908 0.513,0.000 0.000 0.000,347.601 19.856 5.287,33.603 1.603 1.474,0.000 0.000 0.000,0.000 0.000 0.000,348.543 17.699 10.308,40.287 357.836 357.956,0.000 0.000 0.000,0.000 0.000 0.000
5.733099,-0.033771 1.048518 -0.007428,358.722 343.434 358.196,3.393 4.970 0.913,0.000 0.000 0.000,4.981 18.208 5.256,0.000 0.000 0.000,0.000 0.000 0.000,0.000 0.000 0.000,0.000 0.000 0.000,20.477 44.457 82.753,358.708 34.054 358.993,0.000 0.000 0.000,0.000 0.000 0.000,17.916 349.256 285.370,359.140 339.246 0.534,0.000 0.000 0.000,347.643 19.648 5.118,33.604 1.603 1.474,0.000 0.000 0.000,0.000 0.000 0.000,348.356 17.565 10.185,40.502 357.817 357.937,0.000 0.000 0.000,0.000 0.000 0.000
5.766408,-0.033771 1.048518 -0.007428,358.734 343.632 358.311,3.394 4.945 0.909,0.000 0.000 0.000,4.875 18.210 5.025,0.000 0.000 0.000,0.000 0.000 0.000,0.000 0.000 0.000,0.000 0.000 0.000,20.716 44.861 82.693,358.701 34.293 358.984,0.000 0.000 0.000,0.000 0.000 0.000,18.539 349.726 285.290,359.117 338.600 0.556,0.000 0.000 0.000,347.685 19.443 4.952,33.604 1.603 1.474,0.000 0.000 0.000,0.000 0.000 0.000,348.172 17.433 10.065,40.715 357.797 357.918,0.000 0.000 0.000,0.000 0.000 0.000
5.799654,-0.033771 1.048518 -0.007428,358.746 343.836 358.430,3.394 4.922 0.904,0.000 0.000 0.000,4.766 18.207 4.784,0.000 0.000 0.000,0.000 0.000 0.000,0.000 0.000 0.000,0.000 0.000 0.000,20.967 45.269 82.633,358.694 34.546 358.973,0.000 0.000 0.000,0.000 0.000 0.000,19.188 350.182 285.214,359.093 337.936 0.578,0.000 0.000 0.000,347.728 19.231 4.780,33.604 1.603 1.474,0.000 0.000 0.000,0.000 0.000 0.000,347.980 17.295 9.940,40.936 357.777 357.898,0.000 0.000 0.000,0.000 0.000 0.000
5.833015,-0.033771 1.048518 -0.007428,358.725 343.824 358.433,3.393 4.982 0.915,0.000 0.000 0.000,4.826 18.153 4.791,0.000 0.000 0.000,0.000 0.000 0.000,0.000 0.000 0.000,0.000 0.000 0.000,20.959 45.217 82.645,358.694 34.527 358.974,0.000 0.000 0.000,0.000 0.000 0.000,19.172 350.018 285.174,359.096 338.013 0.575,0.000 0.000 0.000,347.751 19.237 4.785,33.601 1.603 1.474,0.000 0.000 0.000,0.000 0.000 0.000,347.988 17.300 9.942,40.963 357.774 357.896,0.000 0.000 0.000,0.000 0.000 0.000
5.866285,-0.033771 1.048518 -0.007428,358.704 343.813 358.436,3.392 5.041 0.926,0.000 0.000 0.000,4.886 18.099 4.799,0.000 0.000 0.000,0.000 0.000 0.000,0.000 0.000 0.000,0.000 0.000 0.000,20.951 45.164 82.655,358.695 34.509 358.975,0.000 0.000 0.000,0.000 0.000 0.000,19.157 349.855 285.135,359.099 338.089 0.573,0.000 0.000 0.000,347.775 19.244 4.791,33.598 1.603 1.474,0.000 0.000 0.000,0.000 0.000 0.000,347.996 17.305 9.944,40.989 357.772 357.893,0.000 0.000 0.000,0.000 0.000 0.000
5.899552,-0.033771 1.048518 -0.007428,358.682 343.800 358.439,3.391 5.104 0.938,0.000 0.000 0.000,4.949 18.042 4.807,0.000 0.000 0.000,0.000 0.000 0.000,0.000 0.000 0.000,0.000 0.000 0.000,20.943 45.109 82.667,358.695 34.490 358.976,0.000 0.000 0.000,0.000 0.000 0.000,19.141 349.682 285.093,359.102 338.168 0.570,0.000 0.000 0.000,347.799 19.250 4.796,33.596 1.602 1.474,0.000 0.000 0.000,0.000 0.000 0.000,348.004 17.310 9.945,41.017 357.769 357.891,0.000 0.000 0.000,0.000 0.000 0.000
5.932816,-0.033771 1.048518 -0.007428,358.682 343.800 358.439,3.391 5.104 0.938,0.000 0.000 0.000,4.949 18.042 4.807,0.000 0.000 0.000,0.000 0.000 0.000,0.000 0.000 0.000,0.000 0.000 0.000,20.943 45.109 82.667,358.695 34.490 358.976,0.000 0.000 0.000,0.000 0.000 0.000,19.141 349.682 285.093,359.102 338.168 0.570,0.000 0.000 0.000,347.799 19.250 4.796,33.596 1.602 1.474,0.000 0.000 0.000,0.000 0.000 0.000,348.004 17.310 9.945,41.017 357.769 357.891,0.000 0.000 0.000,0.000 0.000 0.000
5.966394,-0.033771 1.048518 -0.007428,358.682 343.800 358.439,3.391 5.104 0.938,0.000 0.000 0.000,4.949 18.042 4.807,0.000 0.000 0.000,0.000 0.000 0.000,0.000 0.000 0.000,0.000 0.000 0.000,20.943 45.109 82.667,358.695 34.490 358.976,0.000 0.000 0.000,0.000 0.000 0.000,19.141 349.682 285.093,359.102 338.168 0.570,0.000 0.000 0.000,347.799 19.250 4.796,33.596 1.602 1.474,0.000 0.000 0.000,0.000 0.000 0.000,348.004 17.310 9.945,41.017 357.769 357.891,0.000 0.000 0.000,0.000 0.000 0.000
5.999794,-0.033771 1.048518 -0.007428,358.682 343.800 358.439,3.391 5.104 0.938,0.000 0.000 0.000,4.949 18.042 4.807,0.000 0.000 0.000,0.000 0.000 0.000,0.000 0.000 0.000,0.000 0.000 0.000,20.943 45.109 82.667,358.695 34.490 358.976,0.000 0.000 0.000,0.000 0.000 0.000,19.141 349.682 285.093,359.102 338.168 0.570,0.000 0.000 0.000,347.799 19.250 4.796,33.596 1.602 1.474,0.000 0.000 0.000,0.000 0.000 0.000,348.004 17.310 9.945,41.017 357.769 357.891,0.000 0.000 0.000,0.000 0.000 0.000
6.03303,-0.033771 1.048518 -0.007428,358.708 343.720 358.423,3.391 5.078 0.933,0.000 0.000 0.000,4.967 18.121 4.806,0.000 0.000 0.000,0.000 0.000 0.000,0.000 0.000 0.000,0.000 0.000 0.000,20.923 45.157 82.646,358.695 34.494 358.975,0.000 0.000 0.000,0.000 0.000 0.000,19.133 349.580 285.055,359.109 338.379 0.563,0.000 0.000 0.000,347.745 19.308 4.793,33.603 1.603 1.474,0.000 0.000 0.000,0.000 0.000 0.000,347.932 17.358 9.945,41.078 357.763 357.885,0.000 0.000 0.000,0.000 0.000 0.000
